Orders.Order Date.Variation.Date Hierarchy.Year,Orders.Order Date.Variation.Date Hierarchy.Quarter,Orders.Order Date.Variation.Date Hierarchy.Month,Orders.Order Date.Variation.Date Hierarchy.Day,Sum(Orders.Discount),Sum(Orders.Profit),Sum(Orders.Quantity),Sum(Orders.Sales)
2014,Qtr 1,January,3,0.2,5.551199999999998,2,16.448
2014,Qtr 1,January,4,1.2000000000000002,-65.99010000000001,8,288.06
2014,Qtr 1,January,5,0.2,4.884,3,19.536
2014,Qtr 1,January,6,0,1358.0523999999998,30,4407.1
2014,Qtr 1,January,7,1.4,-71.96209999999999,10,87.158
2014,Qtr 1,January,9,0.4,10.917999999999996,5,40.544000000000004
2014,Qtr 1,January,10,0,22.6537,2,54.83
2014,Qtr 1,January,11,0,3.0813999999999995,2,9.94
2014,Qtr 1,January,13,1.0499999999999998,673.6385999999999,48,3553.795
2014,Qtr 1,January,14,0.5,-53.28560000000001,4,61.96
2014,Qtr 1,January,15,0,65.97800000000001,5,149.95
2014,Qtr 1,January,16,1.5,-5.933500000000016,14,299.964
2014,Qtr 1,January,18,0.2,6.486400000000003,4,64.864
2014,Qtr 1,January,19,1.8,-287.9976,24,378.59400000000005
2014,Qtr 1,January,20,0.7999999999999999,584.3694999999998,58,2673.8700000000003
2014,Qtr 1,January,21,0.2,4.102799999999999,3,25.248
2014,Qtr 1,January,23,0,19.2384,9,46.019999999999996
2014,Qtr 1,January,26,0,150.327,38,1097.2500000000002
2014,Qtr 1,January,27,0.2,9.682700000000004,8,426.66999999999996
2014,Qtr 1,January,28,0.2,1.3256999999999999,1,3.9280000000000004
2014,Qtr 1,January,30,0,11.650200000000002,4,240.5
2014,Qtr 1,January,31,0.15,3.4195999999999884,2,290.666
2014,Qtr 1,February,1,0,206.31600000000006,6,468.90000000000003
2014,Qtr 1,February,2,0.8999999999999999,7.152499999999996,12,211.64600000000002
2014,Qtr 1,February,3,0.4,31.5614,5,97.11200000000001
2014,Qtr 1,February,4,0.4,51.1432,9,134.384
2014,Qtr 1,February,6,0.8,76.48329999999999,12,330.512
2014,Qtr 1,February,7,0,59.34880000000001,11,180.32
2014,Qtr 1,February,8,0,5.5328,2,14.56
2014,Qtr 1,February,11,0,293.52849999999995,25,2043.4000000000005
2014,Qtr 1,February,12,0.2,-24.29400000000002,2,129.568
2014,Qtr 1,February,14,0.2,120.1764,10,576.726
2014,Qtr 1,February,15,0.2,7.209,5,21.36
2014,Qtr 1,February,16,1.6,-15.658000000000003,5,9.039999999999997
2014,Qtr 1,February,17,0.2,8.808799999999998,14,54.208
2014,Qtr 1,February,18,0.8,-13.846800000000002,7,37.784
2014,Qtr 1,February,20,0,35.5612,9,95.59
2014,Qtr 1,February,21,0.8,-13.717499999999998,5,8.849999999999998
2014,Qtr 1,February,22,0,9.3312,3,19.44
2014,Qtr 1,February,23,1,-4.522499999999998,6,11.364
2014,Qtr 1,February,24,0.4,18.789299999999997,7,55.672000000000004
2014,Qtr 1,February,27,0.2,3.404799999999998,4,19.456000000000003
2014,Qtr 1,March,1,2.5,-208.96140000000014,40,2203.1510000000003
2014,Qtr 1,March,2,0.4,56.0112,11,202.38400000000001
2014,Qtr 1,March,3,2.5,-629.7989000000001,35,1345.892
2014,Qtr 1,March,4,0.2,20.07779999999996,8,370.45200000000006
2014,Qtr 1,March,5,0.2,261.19010000000003,16,705.5620000000001
2014,Qtr 1,March,7,0.8,134.1538999999999,27,1561.062
2014,Qtr 1,March,10,0.4,4.188599999999905,9,741.9560000000001
2014,Qtr 1,March,11,0.4,279.0610000000001,39,918.3140000000002
2014,Qtr 1,March,14,1.1,528.5023999999999,38,2108.55
2014,Qtr 1,March,15,2,33.59799999999997,14,370.782
2014,Qtr 1,March,16,0.2,29.49500000000002,2,471.92
2014,Qtr 1,March,17,2,-831.8571999999999,82,3960.358
2014,Qtr 1,March,18,2.35,-954.7089000000026,48,28106.716
2014,Qtr 1,March,19,1.9,68.63529999999997,23,590.7620000000001
2014,Qtr 1,March,21,1.2,1055.3735000000004,39,4109.816000000001
2014,Qtr 1,March,22,1.8,-50.93450000000001,17,464.09299999999996
2014,Qtr 1,March,23,0.4,126.92240000000002,11,945.064
2014,Qtr 1,March,24,0,26.275799999999997,7,65.38
2014,Qtr 1,March,25,0.1,96.66839999999999,21,459.146
2014,Qtr 1,March,26,0.4,30.7658,16,145.13000000000002
2014,Qtr 1,March,28,0.6000000000000001,-11.075399999999945,11,1823.8039999999999
2014,Qtr 1,March,29,0.3,-152.7156,3,890.8409999999999
2014,Qtr 1,March,30,0.8500000000000001,232.75289999999998,39,1170.322
2014,Qtr 1,March,31,3.7,355.1097000000001,29,1959.5519999999997
2014,Qtr 2,April,1,0.2,26.089599999999997,12,119.888
2014,Qtr 2,April,2,0.4,407.39619999999996,29,1458.5580000000002
2014,Qtr 2,April,3,0,85.6044,7,233.45
2014,Qtr 2,April,4,0.2,105.4521,25,475.844
2014,Qtr 2,April,5,0.4,253.90440000000007,54,5295.097999999998
2014,Qtr 2,April,6,1.7000000000000002,299.51519999999994,38,1650.6900000000005
2014,Qtr 2,April,7,0,305.05600000000004,22,1021.17
2014,Qtr 2,April,8,1.2000000000000002,359.84810000000004,27,1958.75
2014,Qtr 2,April,11,1.4,523.2729,37,1915.2400000000002
2014,Qtr 2,April,12,0.7500000000000001,152.65809999999996,35,1912.123
2014,Qtr 2,April,13,1.5,-384.79419999999993,42,638.5760000000001
2014,Qtr 2,April,15,0,107.99999999999999,6,294.71999999999997
2014,Qtr 2,April,16,0.2,9.768,6,39.072
2014,Qtr 2,April,18,1.1,169.9373999999999,26,1020.5319999999999
2014,Qtr 2,April,19,0,87.5664,17,205.47
2014,Qtr 2,April,20,0.8,-194.45280000000008,16,1250.4499999999998
2014,Qtr 2,April,21,0.2,5.5755,11,845.3599999999999
2014,Qtr 2,April,22,0.2,124.78689999999999,11,257.752
2014,Qtr 2,April,23,2.1999999999999997,-0.3052999999999848,20,643.9799999999999
2014,Qtr 2,April,25,0.8,332.86710000000005,21,2379.9939999999997
2014,Qtr 2,April,26,0.4,40.74499999999998,16,282.56800000000004
2014,Qtr 2,April,28,0.8,292.1672000000001,29,2578.476
2014,Qtr 2,April,29,0.4,101.68139999999991,16,768.844
2014,Qtr 2,April,30,0,276.4956,13,1048.74
2014,Qtr 2,May,2,0.4,91.95719999999999,5,506.12000000000006
2014,Qtr 2,May,3,0.4,28.862399999999997,13,72.632
2014,Qtr 2,May,4,0.4,58.5624,25,187.43200000000002
2014,Qtr 2,May,5,0.5,34.51309999999998,15,260.977
2014,Qtr 2,May,6,0.2,85.7158,16,254.456
2014,Qtr 2,May,7,0.3,215.8138,12,1091.35
2014,Qtr 2,May,8,0.4,239.9960000000001,5,1799.9699999999998
2014,Qtr 2,May,9,0,95.17360000000001,25,394.47999999999996
2014,Qtr 2,May,10,1.3,57.82599999999999,34,2343.7990000000004
2014,Qtr 2,May,11,2.5,-289.6088,32,1642.8019999999997
2014,Qtr 2,May,12,0.3,-119.22550000000001,10,734.846
2014,Qtr 2,May,13,1.1,-242.28369999999995,23,898.3820000000001
2014,Qtr 2,May,14,0.2,23.31599999999999,2,310.88000000000005
2014,Qtr 2,May,16,0.2,20.85000000000001,8,289.28
2014,Qtr 2,May,17,0,45.839999999999996,3,91.67999999999999
2014,Qtr 2,May,18,1,-158.00399999999996,10,948.9480000000001
2014,Qtr 2,May,19,0,35.6472,14,91.62
2014,Qtr 2,May,20,1.2000000000000002,62.05810000000001,32,320.104
2014,Qtr 2,May,21,1.5000000000000002,1719.5086999999999,46,4264.328
2014,Qtr 2,May,22,0,46.581,3,180.93
2014,Qtr 2,May,23,1.5,58.050200000000004,23,323.758
2014,Qtr 2,May,24,0,56.977199999999996,3,116.28
2014,Qtr 2,May,25,1.4,-183.78380000000004,6,119.53999999999999
2014,Qtr 2,May,26,1.45,130.50859999999997,21,1325.718
2014,Qtr 2,May,27,1.2000000000000002,111.54079999999993,33,2157.3940000000002
2014,Qtr 2,May,28,0.4,59.30879999999999,14,221.96800000000002
2014,Qtr 2,May,30,1.1,222.03579999999988,27,1924.9130000000002
2014,Qtr 2,May,31,0,230.97269999999995,6,773.7
2014,Qtr 2,June,1,0.1,1576.7509,55,5188.52
2014,Qtr 2,June,2,0.2,218.36079999999998,16,738.598
2014,Qtr 2,June,3,1,96.10859999999997,22,741.336
2014,Qtr 2,June,4,0.4,-6.493200000000022,12,456.272
2014,Qtr 2,June,6,2.6999999999999997,-265.23670000000016,34,1374.0010000000002
2014,Qtr 2,June,7,1.3,-230.33159999999998,6,281.397
2014,Qtr 2,June,8,0.6000000000000001,193.3649999999999,14,2501.264
2014,Qtr 2,June,9,1.4,629.0288999999998,66,5463.008000000001
2014,Qtr 2,June,10,0,240.8595,5,491.55
2014,Qtr 2,June,13,0,4.7916,3,14.52
2014,Qtr 2,June,14,0,57.4938,3,212.94
2014,Qtr 2,June,15,1.6,-78.241,11,942.9739999999999
2014,Qtr 2,June,16,0.2,76.68759999999993,20,763.792
2014,Qtr 2,June,17,0.4,1126.6297,16,3418.5020000000004
2014,Qtr 2,June,18,0.2,12.232500000000009,5,139.8
2014,Qtr 2,June,20,2.32,-62.959399999999995,32,1828.9496
2014,Qtr 2,June,21,3.6000000000000005,849.4221,56,4107.443000000001
2014,Qtr 2,June,22,1.9,40.214700000000015,26,1975.4979999999998
2014,Qtr 2,June,23,0.6000000000000001,3.180299999999999,13,109.49600000000001
2014,Qtr 2,June,24,0.2,0.9611999999999998,2,4.272
2014,Qtr 2,June,25,0.8,49.71719999999997,22,792.76
2014,Qtr 2,June,27,0,76.10520000000002,10,616.14
2014,Qtr 2,June,28,2.1,109.76199999999999,24,1645.791
2014,Qtr 2,June,29,0.4,8.557499999999997,10,46.67999999999999
2014,Qtr 2,June,30,1.2,249.55719999999997,38,739.624
2014,Qtr 3,July,1,1.1,75.33319999999998,13,601.0239999999999
2014,Qtr 3,July,2,0,22.150800000000004,3,79.56
2014,Qtr 3,July,4,0.4,83.94479999999999,14,247.40800000000002
2014,Qtr 3,July,5,1.9,182.79359999999997,41,1444.104
2014,Qtr 3,July,6,0.4,222.8455,3,1038.4720000000002
2014,Qtr 3,July,7,0.5,-34.65980000000001,4,241.194
2014,Qtr 3,July,8,0.5,-8.442000000000066,10,763.0740000000001
2014,Qtr 3,July,9,0.9500000000000001,57.20779999999999,30,265.521
2014,Qtr 3,July,11,0.6000000000000001,537.7298,43,2187.206
2014,Qtr 3,July,12,2.3,88.45439999999991,58,1960.012
2014,Qtr 3,July,13,0.2,4.390199999999979,3,351.216
2014,Qtr 3,July,14,2.4,-31.10140000000002,27,292.594
2014,Qtr 3,July,15,0,3.988200000000001,6,9.510000000000002
2014,Qtr 3,July,18,0.4,-21.39479999999999,6,273.04
2014,Qtr 3,July,19,0.5,103.20620000000002,8,461.326
2014,Qtr 3,July,20,2.4,162.1880999999999,44,2285.7859999999996
2014,Qtr 3,July,21,2.5,34.12600000000006,24,1961.482
2014,Qtr 3,July,22,0.6000000000000001,229.8348,31,1348.344
2014,Qtr 3,July,23,1.7,267.48439999999994,43,2613.184
2014,Qtr 3,July,25,0,384.50839999999965,22,8341.289999999999
2014,Qtr 3,July,26,4.6,-3570.971000000002,76,5039.994
2014,Qtr 3,July,27,0,70.31220000000002,15,580.06
2014,Qtr 3,July,28,0.6000000000000001,34.69839999999999,18,193.152
2014,Qtr 3,July,30,0,259.8896,8,1367.84
2014,Qtr 3,August,1,1.2,66.475,15,228.32800000000003
2014,Qtr 3,August,2,0,248.02760000000006,9,886.2800000000001
2014,Qtr 3,August,3,0.9,-76.7149,20,477.994
2014,Qtr 3,August,4,0.4,833.4829000000001,51,2743.1540000000005
2014,Qtr 3,August,5,0.5,504.1059,37,2408.7239999999997
2014,Qtr 3,August,6,0,106.6392,5,262.89
2014,Qtr 3,August,8,1.1,1129.1342,55,3955.629
2014,Qtr 3,August,9,1.9,700.8937999999998,35,3605.685
2014,Qtr 3,August,11,0,45.6444,5,451.62
2014,Qtr 3,August,12,1.4,357.593,61,1832.38
2014,Qtr 3,August,15,1.8,118.18259999999994,38,842.782
2014,Qtr 3,August,16,0.4,-227.49120000000016,6,853.0919999999999
2014,Qtr 3,August,17,0.2,193.18359999999996,23,500.342
2014,Qtr 3,August,19,1.3,175.46190000000004,29,1439.106
2014,Qtr 3,August,20,0.3,569.8904999999997,18,1838.722
2014,Qtr 3,August,22,0.4,4.8787,6,23.104
2014,Qtr 3,August,23,1.4,160.40159999999997,44,565.224
2014,Qtr 3,August,24,0.4,20.133200000000002,10,59.739999999999995
2014,Qtr 3,August,25,4.699999999999999,118.84229999999997,67,1451.6500000000005
2014,Qtr 3,August,26,0,92.08890000000001,22,366.80999999999995
2014,Qtr 3,August,27,0.4,513.7322999999999,23,2070.1299999999997
2014,Qtr 3,August,29,1.3499999999999999,-376.46949999999987,13,832.3225000000001
2014,Qtr 3,August,30,0,21.485,8,121.24
2014,Qtr 3,August,31,0,18.50399999999999,9,92.52
2014,Qtr 3,September,1,1.2000000000000002,85.94020000000002,17,469.43600000000004
2014,Qtr 3,September,2,0.8,916.2511999999998,28,3254.15
2014,Qtr 3,September,3,0.8,-4.4639999999999995,10,22.08
2014,Qtr 3,September,5,0.4,21.822999999999997,4,296.304
2014,Qtr 3,September,6,0,39.630799999999994,14,100.36
2014,Qtr 3,September,7,5.2,-481.2462999999999,78,3523.8749999999995
2014,Qtr 3,September,8,4.3,-1452.6877000000027,112,14228.427999999998
2014,Qtr 3,September,9,2.1,16.361599999999854,56,4043.588
2014,Qtr 3,September,10,0.4,259.62080000000003,23,1855.228
2014,Qtr 3,September,11,0,21.751499999999986,3,127.94999999999999
2014,Qtr 3,September,12,2.2,600.8836000000001,39,4904.66
2014,Qtr 3,September,13,2.3,243.82370000000003,53,1275.408
2014,Qtr 3,September,14,3.6,1530.7599000000002,77,5023.7159999999985
2014,Qtr 3,September,15,0.2,30.1722,9,133.43599999999998
2014,Qtr 3,September,16,0.2,12.581999999999999,1,33.552
2014,Qtr 3,September,17,3,233.52869999999993,53,820.5230000000001
2014,Qtr 3,September,19,2.1,-1539.1441000000011,38,9338.636999999999
2014,Qtr 3,September,20,1.7000000000000002,670.1013999999998,63,5335.968
2014,Qtr 3,September,21,2.1,877.4456999999999,55,2679.652
2014,Qtr 3,September,22,0.7000000000000001,87.47569999999996,24,1240.266
2014,Qtr 3,September,23,0.9500000000000001,4808.5975,48,10662.337000000001
2014,Qtr 3,September,24,0,8.478399999999993,4,211.96
2014,Qtr 3,September,25,1.7200000000000002,-87.55940000000004,16,354.88879999999995
2014,Qtr 3,September,26,3.3,230.7266,49,1480.6139999999998
2014,Qtr 3,September,27,0.2,123.10640000000001,10,773.4399999999999
2014,Qtr 3,September,28,0.6000000000000001,64.36859999999997,17,490.29200000000003
2014,Qtr 3,September,29,2,890.2808999999994,73,8109.069999999999
2014,Qtr 3,September,30,0.8,119.4905,26,987.5320000000002
2014,Qtr 4,October,1,0,0,1,4.71
2014,Qtr 4,October,2,1.4,133.76319999999998,18,598.1440000000001
2014,Qtr 4,October,3,3.6999999999999997,-65.42790000000007,37,862.6829999999999
2014,Qtr 4,October,4,0.30000000000000004,45.07089999999994,16,728.748
2014,Qtr 4,October,5,0.2,46.48299999999999,7,191.9
2014,Qtr 4,October,6,0.2,50.039500000000004,12,494.71
2014,Qtr 4,October,7,0.4,31.85600000000001,15,237.35999999999999
2014,Qtr 4,October,8,0.2,60.751799999999996,7,147.392
2014,Qtr 4,October,9,0.4,70.00429999999997,6,249.36
2014,Qtr 4,October,10,3.8,169.9526,42,2049.3860000000004
2014,Qtr 4,October,11,0.6000000000000001,110.6137999999999,33,1381.164
2014,Qtr 4,October,12,0.2,12.877099999999997,8,58.53
2014,Qtr 4,October,13,0.2,454.1032999999999,35,2212.182
2014,Qtr 4,October,14,2.2,1059.3592,57,4525.4839999999995
2014,Qtr 4,October,15,0.7,-0.9321000000000002,5,206.724
2014,Qtr 4,October,16,0.2,91.40880000000001,6,194.322
2014,Qtr 4,October,17,1.6,-36.83800000000003,10,136.068
2014,Qtr 4,October,18,0.8,606.1102,39,3134.916
2014,Qtr 4,October,19,0.8,124.54770000000002,27,641.1039999999999
2014,Qtr 4,October,20,2.2,-65.98380000000004,20,1501.1039999999998
2014,Qtr 4,October,21,0.8,26.062299999999937,20,1356.602
2014,Qtr 4,October,22,0.2,23.303199999999983,8,223.808
2014,Qtr 4,October,24,0.4,18.559199999999997,8,56.49
2014,Qtr 4,October,25,1.1,9.449100000000001,10,103.882
2014,Qtr 4,October,26,0.2,41.59200000000001,9,447.88000000000005
2014,Qtr 4,October,27,0.4,7.6626,5,22.320000000000004
2014,Qtr 4,October,28,0.35,93.42820000000002,19,1510.5819999999999
2014,Qtr 4,October,29,0.2,378.5485999999997,10,2813.8120000000004
2014,Qtr 4,October,31,1.7000000000000002,-48.1075000000003,83,5362.026
2014,Qtr 4,November,1,3.3999999999999995,663.3640999999996,81,4732.08
2014,Qtr 4,November,2,2.3,286.5753999999999,49,2126.37
2014,Qtr 4,November,3,2.4999999999999996,-108.22130000000007,52,2784.163
2014,Qtr 4,November,4,1.5,2443.3920000000003,50,6693.747999999999
2014,Qtr 4,November,5,1.5,-61.611600000000024,31,1694.5639999999999
2014,Qtr 4,November,6,0,20.9664,6,43.68
2014,Qtr 4,November,7,2.9,155.4863,57,1449.1419999999998
2014,Qtr 4,November,8,0.2,25.018199999999993,3,333.576
2014,Qtr 4,November,9,0.35,222.6885999999999,36,1574.0939999999998
2014,Qtr 4,November,10,0.2,436.6331,49,2002.556
2014,Qtr 4,November,11,5.3999999999999995,-449.531100000001,93,8114.548000000001
2014,Qtr 4,November,12,2.52,79.63399999999993,35,1054.7612
2014,Qtr 4,November,14,0.30000000000000004,308.9068,37,1034.7299999999998
2014,Qtr 4,November,15,0.8,400.07809999999984,29,1780.8220000000001
2014,Qtr 4,November,16,0.65,137.55819999999994,36,1355.9285
2014,Qtr 4,November,17,1.1,1954.1346,58,11544.274000000001
2014,Qtr 4,November,18,7.2,-347.5227000000001,76,3406.855
2014,Qtr 4,November,19,0.4,1979.1982000000005,51,7226.086
2014,Qtr 4,November,20,0.2,251.172,16,907.5600000000001
2014,Qtr 4,November,21,0.4,378.1698999999999,24,1249.622
2014,Qtr 4,November,22,1.6,461.89209999999997,30,1103.2980000000002
2014,Qtr 4,November,23,2.9,-105.23840000000006,36,1363.28
2014,Qtr 4,November,24,2.8,-97.35739999999998,75,5578.606
2014,Qtr 4,November,25,2.5,148.6271999999999,58,4415.695
2014,Qtr 4,November,26,2,-62.16120000000005,52,1705.9899999999996
2014,Qtr 4,November,27,0,41.29599999999999,7,203.65999999999997
2014,Qtr 4,November,28,0.75,12.47319999999985,55,2280.83
2014,Qtr 4,November,29,0.6000000000000001,104.67719999999997,13,649.044
2014,Qtr 4,November,30,1.1,11.828999999999995,24,219.154
2014,Qtr 4,December,1,1.6000000000000003,875.1448000000003,46,5624.39
2014,Qtr 4,December,2,2.8000000000000003,111.37489999999994,64,1771.808
2014,Qtr 4,December,3,0,146.8304,8,505.88
2014,Qtr 4,December,4,0,62.3904,2,129.98
2014,Qtr 4,December,5,3.0999999999999996,425.0407999999998,69,2963.6420000000003
2014,Qtr 4,December,6,4.6,-19.01900000000001,36,1970.978
2014,Qtr 4,December,7,0,201.7832,17,548.4
2014,Qtr 4,December,8,2.5,125.92729999999999,53,1095.1199999999997
2014,Qtr 4,December,9,2.2,125.75129999999989,28,1522.6519999999998
2014,Qtr 4,December,10,0.4,101.14259999999996,20,573.336
2014,Qtr 4,December,12,1.55,-72.10080000000005,36,4938.4045
2014,Qtr 4,December,13,1.7000000000000002,8.731400000000015,18,293.152
2014,Qtr 4,December,14,3,2220.5214999999994,23,7641.657999999999
2014,Qtr 4,December,15,1.4000000000000001,-144.73200000000003,19,1264.466
2014,Qtr 4,December,16,3.3,415.6423999999999,63,4394.187000000002
2014,Qtr 4,December,17,0.7,7.192399999999999,7,45.534
2014,Qtr 4,December,19,1.9,356.9568999999999,53,3436.7600000000007
2014,Qtr 4,December,20,3.5,1557.0101999999997,81,6962.44
2014,Qtr 4,December,21,1.1,178.26479999999987,17,1933.44
2014,Qtr 4,December,22,1.4000000000000001,183.1211,32,798.9680000000001
2014,Qtr 4,December,23,1.6,67.37939999999995,29,942.1080000000002
2014,Qtr 4,December,24,1,264.3079999999999,32,1950.202
2014,Qtr 4,December,26,3.5999999999999996,-3.5974000000001105,55,2041.414
2014,Qtr 4,December,27,3.2,-336.3251,65,2966.3880000000004
2014,Qtr 4,December,28,0.2,706.8573999999999,33,3732.296
2014,Qtr 4,December,29,2.4,568.0094999999999,67,2072.096
2014,Qtr 4,December,30,3.6999999999999993,-594.5496000000003,43,2172.6510000000003
2014,Qtr 4,December,31,0.6000000000000001,1444.5131,63,5253.27
2015,Qtr 1,January,2,2,-1161.5484000000001,29,1932.0960000000002
2015,Qtr 1,January,3,0.9200000000000002,-348.45780000000025,19,1768.2215999999999
2015,Qtr 1,January,4,0,104.67240000000001,22,264.46000000000004
2015,Qtr 1,January,5,0.6000000000000001,62.5086,20,295.272
2015,Qtr 1,January,6,0.8999999999999999,7.893399999999997,7,31.538000000000004
2015,Qtr 1,January,9,0,131.0797,13,364.07
2015,Qtr 1,January,10,0.4,-373.3048,4,1018.1039999999999
2015,Qtr 1,January,12,1.6,62.80479999999997,16,854.614
2015,Qtr 1,January,13,0.2,160.30859999999998,18,622.278
2015,Qtr 1,January,17,0.8,-300.04939999999993,17,350.384
2015,Qtr 1,January,19,0.6,-21.71220000000001,5,301.742
2015,Qtr 1,January,23,0,20.8106,5,43.66
2015,Qtr 1,January,24,0.2,2.131999999999999,5,13.120000000000001
2015,Qtr 1,January,26,0,84.0512,8,182.72
2015,Qtr 1,January,27,1.3,-191.64319999999998,12,3573.252
2015,Qtr 1,January,28,0.4,-1862.3124000000003,13,4297.644
2015,Qtr 1,January,30,0.4,302.85329999999976,16,2161.6400000000003
2015,Qtr 1,January,31,0,38.9066,7,99.26000000000002
2015,Qtr 1,February,3,0.30000000000000004,157.41179999999997,22,492.83599999999996
2015,Qtr 1,February,6,1.2000000000000002,242.11719999999983,34,2432.5440000000003
2015,Qtr 1,February,7,0,152.59089999999998,7,324.10999999999996
2015,Qtr 1,February,8,0.4,-19.173399999999994,8,129.09199999999998
2015,Qtr 1,February,9,1.4,102.37639999999999,19,785.552
2015,Qtr 1,February,10,0.2,7.724,5,77.24000000000001
2015,Qtr 1,February,14,2.4,104.53889999999993,23,1079.962
2015,Qtr 1,February,15,0.4,477.34559999999993,31,1602.38
2015,Qtr 1,February,16,0,74.68449999999999,16,160.42999999999998
2015,Qtr 1,February,18,0.2,31.6342,6,105.844
2015,Qtr 1,February,20,0,77.5644,8,316.78
2015,Qtr 1,February,21,0,1294.0764,6,2591.1
2015,Qtr 1,February,22,0,20.6336,4,79.36
2015,Qtr 1,February,23,0.2,10.5336,8,37.776
2015,Qtr 1,February,25,0,11.735999999999999,5,25.869999999999997
2015,Qtr 1,February,27,1.2,52.49029999999999,27,1159.271
2015,Qtr 1,February,28,0.4,15.566399999999952,10,551.264
2015,Qtr 1,March,1,1.32,12.718199999999825,23,1642.1743999999999
2015,Qtr 1,March,2,0,218.96289999999996,10,899.5699999999999
2015,Qtr 1,March,5,4.7,-417.895,57,1969.2669999999998
2015,Qtr 1,March,6,0.2,473.75179999999995,9,1555.2440000000001
2015,Qtr 1,March,7,0,271.4153,10,807.5400000000001
2015,Qtr 1,March,8,1,592.3804999999999,29,2563.296
2015,Qtr 1,March,9,0.6000000000000001,53.96189999999999,10,478.008
2015,Qtr 1,March,10,0.8,23.259200000000007,8,90.932
2015,Qtr 1,March,12,0.8,9.997999999999998,12,51.016000000000005
2015,Qtr 1,March,13,0.2,234.47439999999992,14,1384.8560000000002
2015,Qtr 1,March,14,0,332.74219999999997,10,707.9
2015,Qtr 1,March,15,0.2,1.6776,3,16.776000000000003
2015,Qtr 1,March,16,0,3508.0308999999997,27,7230.21
2015,Qtr 1,March,17,0,11.834999999999999,3,48.84
2015,Qtr 1,March,19,1.12,1982.1857999999997,45,5652.9396
2015,Qtr 1,March,20,1.6,485.7153999999999,40,1548.1940000000002
2015,Qtr 1,March,21,1.1,242.51489999999995,21,1270.3790000000001
2015,Qtr 1,March,22,2,270.7980999999998,43,2481.4240000000004
2015,Qtr 1,March,23,0.3,181.08279999999996,28,633.302
2015,Qtr 1,March,24,0.5,-22.249399999999998,10,412.94999999999993
2015,Qtr 1,March,26,0.6000000000000001,937.2579999999999,30,4623.37
2015,Qtr 1,March,27,0,3.3479999999999954,5,83.69999999999999
2015,Qtr 1,March,28,0.4,59.342400000000005,13,243.344
2015,Qtr 1,March,29,0.2,296.8997999999999,30,1559.08
2015,Qtr 1,March,30,0.7,-87.92520000000003,14,571.2239999999999
2015,Qtr 1,March,31,1,55.814299999999996,11,200.716
2015,Qtr 2,April,2,2.4000000000000004,-35.82450000000002,23,299.22
2015,Qtr 2,April,4,0.5,384.47649999999993,20,1484.598
2015,Qtr 2,April,5,3.8999999999999995,-243.81410000000008,56,2974.0579999999995
2015,Qtr 2,April,6,2.4000000000000004,-0.17040000000000433,25,140.004
2015,Qtr 2,April,7,1.2000000000000002,-1113.9491000000003,23,907.4359999999999
2015,Qtr 2,April,9,0.2,133.53269999999998,9,757.992
2015,Qtr 2,April,10,0.2,48.6963,9,169.54199999999997
2015,Qtr 2,April,11,0.6000000000000001,423.98699999999997,20,1328.346
2015,Qtr 2,April,12,0,0.4073999999999991,3,40.74
2015,Qtr 2,April,13,2.1999999999999997,-38.72820000000007,40,3192.678
2015,Qtr 2,April,14,0.2,2.640599999999999,1,35.208
2015,Qtr 2,April,16,2.5999999999999996,815.8418,54,4161.972
2015,Qtr 2,April,17,0.4,686.5088999999997,34,2745.1059999999998
2015,Qtr 2,April,18,3.0999999999999996,214.8503,57,2006.9600000000005
2015,Qtr 2,April,19,1.6,-564.9804000000003,6,329.9599999999999
2015,Qtr 2,April,20,0.2,507.1407,16,1194.7259999999999
2015,Qtr 2,April,21,0,228.89280000000002,13,893.0899999999999
2015,Qtr 2,April,22,0.2,24.444300000000002,6,152.916
2015,Qtr 2,April,24,0,7.537099999999999,1,25.99
2015,Qtr 2,April,25,0.7,118.58120000000005,23,920.946
2015,Qtr 2,April,26,2.15,-134.89960000000008,27,2090.1055000000006
2015,Qtr 2,April,27,0.4,978.3105,21,2719.5899999999997
2015,Qtr 2,April,28,1.9000000000000001,1911.4570999999999,14,4044.362
2015,Qtr 2,April,29,0.2,2.8884000000000007,2,7.968000000000001
2015,Qtr 2,April,30,0.9000000000000001,-170.33110000000005,40,1571.6950000000002
2015,Qtr 2,May,1,1,66.22339999999997,21,450.94
2015,Qtr 2,May,2,0.4,16.84680000000001,6,167.232
2015,Qtr 2,May,3,2.0999999999999996,255.46429999999998,45,2198.7599999999998
2015,Qtr 2,May,4,0.8,157.5021999999999,23,1121.362
2015,Qtr 2,May,7,0.5,-4.981000000000009,8,305.62199999999996
2015,Qtr 2,May,8,0.7000000000000001,1241.9831000000001,36,3981.9680000000003
2015,Qtr 2,May,9,0,23.9169,3,48.81
2015,Qtr 2,May,10,1.2000000000000002,-190.8586,11,154.442
2015,Qtr 2,May,11,0.2,16.797200000000004,7,191.96800000000002
2015,Qtr 2,May,12,1.4,147.6039,34,1060.3500000000001
2015,Qtr 2,May,13,0.4,22.278799999999997,6,238.38400000000001
2015,Qtr 2,May,14,2.9499999999999997,320.8917999999999,46,3141.1995
2015,Qtr 2,May,15,0.2,-1.6029999999999998,5,69.908
2015,Qtr 2,May,16,0.2,31.995999999999974,4,255.968
2015,Qtr 2,May,17,1,-13.745200000000004,22,134.468
2015,Qtr 2,May,18,0,5.3214,2,10.86
2015,Qtr 2,May,20,0.8999999999999999,15.47919999999999,8,169.54399999999998
2015,Qtr 2,May,21,1.7,-62.22240000000001,14,72.332
2015,Qtr 2,May,22,0.4,425.81889999999964,22,3862.0980000000004
2015,Qtr 2,May,23,0.9999999999999999,367.82719999999995,31,1304.9560000000001
2015,Qtr 2,May,24,1.1,-176.59190000000004,13,610.3069999999999
2015,Qtr 2,May,25,1,265.8342999999999,36,1739.4180000000001
2015,Qtr 2,May,26,1.8000000000000003,9.359999999999985,23,982.5640000000001
2015,Qtr 2,May,28,0.2,244.07939999999994,30,794.146
2015,Qtr 2,May,29,1.1,166.11509999999998,31,1204.8419999999999
2015,Qtr 2,May,30,0,87.62519999999998,12,681.0999999999999
2015,Qtr 2,May,31,2,1228.9059999999997,76,5178.138000000002
2015,Qtr 2,June,1,1,300.4786,37,834.198
2015,Qtr 2,June,4,0,464.80840000000006,16,1192.3100000000002
2015,Qtr 2,June,5,0.1,173.93400000000005,11,1533.1979999999999
2015,Qtr 2,June,7,1.3,0.4980000000000029,17,59.768
2015,Qtr 2,June,8,2.8999999999999995,-296.34940000000006,40,1083.112
2015,Qtr 2,June,9,1.8,86.00640000000004,25,797.1160000000001
2015,Qtr 2,June,11,2.5999999999999996,-60.60040000000022,47,3373.564
2015,Qtr 2,June,12,0.6000000000000001,27.745799999999992,15,174.476
2015,Qtr 2,June,13,0.4,395.69410000000005,28,1128.8980000000001
2015,Qtr 2,June,14,0.2,5.107200000000002,6,51.072
2015,Qtr 2,June,15,1.2,-20.14430000000003,18,734.144
2015,Qtr 2,June,16,1.1,1173.3926,15,3443.904
2015,Qtr 2,June,18,3.0999999999999996,344.13880000000006,46,1883.087
2015,Qtr 2,June,19,1.2000000000000002,101.61719999999997,15,446.34599999999995
2015,Qtr 2,June,20,0.6000000000000001,255.459,18,829.544
2015,Qtr 2,June,21,0.2,37.79159999999999,3,107.97600000000001
2015,Qtr 2,June,22,0.7,-66.72130000000016,13,2018.953
2015,Qtr 2,June,23,0.6000000000000001,154.51919999999998,19,836.9580000000001
2015,Qtr 2,June,25,2.4,88.3863,37,857.0799999999999
2015,Qtr 2,June,26,0.4,308.0026999999999,30,1592.1960000000001
2015,Qtr 2,June,28,1.1,-225.40280000000004,22,1386.4660000000001
2015,Qtr 2,June,29,0.30000000000000004,87.1955,8,432.926
2015,Qtr 3,July,2,3.6999999999999993,-50.82450000000013,46,1631.902
2015,Qtr 3,July,3,0.6000000000000001,179.01669999999996,17,823.9820000000001
2015,Qtr 3,July,4,0.2,297.90439999999995,9,1138.288
2015,Qtr 3,July,5,1.7,8.6351,23,121.64600000000002
2015,Qtr 3,July,6,0.2,275.7629999999999,24,1379.8120000000001
2015,Qtr 3,July,8,0.2,6.599999999999999,5,21.12
2015,Qtr 3,July,9,1.4000000000000001,416.81359999999984,54,1587.114
2015,Qtr 3,July,10,0.8999999999999999,10.729999999999997,5,43.286
2015,Qtr 3,July,11,2.8,268.62969999999996,52,1941.9519999999998
2015,Qtr 3,July,12,2.7,140.70149999999995,32,2052.5670000000005
2015,Qtr 3,July,13,1.1,282.9551999999999,25,2033.2559999999999
2015,Qtr 3,July,14,1.3,-200,15,860.9159999999999
2015,Qtr 3,July,16,0.4,203.53549999999967,36,3029.3860000000004
2015,Qtr 3,July,17,0.7500000000000001,-2.536200000000015,14,448.082
2015,Qtr 3,July,18,0.2,218.46310000000003,10,672.418
2015,Qtr 3,July,19,0.7,-1.3499999999999996,1,2.0250000000000004
2015,Qtr 3,July,20,1.6,109.8482000000001,41,2693.1680000000006
2015,Qtr 3,July,23,0.2,74.60099999999998,9,208.272
2015,Qtr 3,July,24,0,174.00939999999997,32,525.95
2015,Qtr 3,July,25,1.1,200.37110000000004,31,2395.0240000000003
2015,Qtr 3,July,26,1.3,-71.34030000000007,24,969.2250000000001
2015,Qtr 3,July,27,0,0.29969999999999963,3,29.97
2015,Qtr 3,July,30,0.4,143.93660000000003,23,443.80199999999996
2015,Qtr 3,July,31,0.4,601.8854999999999,26,3712.1620000000003
2015,Qtr 3,August,1,0.2,-172.51080000000007,10,1011.6960000000001
2015,Qtr 3,August,2,0.9,-37.160499999999956,16,1290.478
2015,Qtr 3,August,5,1.8000000000000003,-19.77000000000001,16,72.65
2015,Qtr 3,August,6,1.7200000000000002,-81.35049999999997,16,494.8692
2015,Qtr 3,August,7,0.6000000000000001,245.83329999999998,35,968.206
2015,Qtr 3,August,8,0.6000000000000001,300.04439999999994,17,840.1019999999999
2015,Qtr 3,August,9,0.8,1061.5805,55,4878.392
2015,Qtr 3,August,10,0.6000000000000001,85.20669999999998,28,851.4739999999999
2015,Qtr 3,August,11,0.2,49.724500000000006,7,196.11200000000002
2015,Qtr 3,August,13,0.4,55.83849999999997,25,586.896
2015,Qtr 3,August,15,0,108.50130000000001,12,497.59000000000003
2015,Qtr 3,August,16,4.1000000000000005,1.6120999999997991,46,3378.932
2015,Qtr 3,August,17,0.8,0.4823999999999611,25,381.64000000000004
2015,Qtr 3,August,21,3.0499999999999994,-147.18779999999995,55,2827.5200000000004
2015,Qtr 3,August,22,0.2,23.8856,10,66.632
2015,Qtr 3,August,23,1.4000000000000001,359.4772999999999,46,1202.2779999999998
2015,Qtr 3,August,24,2.9,1469.2683999999992,62,7194.775
2015,Qtr 3,August,25,2.2,7.654400000000008,13,178.526
2015,Qtr 3,August,27,0.2,156.97590000000002,13,639.9740000000002
2015,Qtr 3,August,28,1.25,1420.1491999999994,48,6491.293000000001
2015,Qtr 3,August,29,0,47.086600000000004,9,246.5
2015,Qtr 3,August,31,0.9500000000000001,420.4669000000001,34,2601.797
2015,Qtr 3,September,1,0.6000000000000001,751.9427999999999,21,2367.564
2015,Qtr 3,September,3,1.4,182.8788,40,1874.8980000000001
2015,Qtr 3,September,4,1.5999999999999999,252.039,23,1071.2839999999999
2015,Qtr 3,September,5,2.3,-31.056400000000014,39,934.1030000000001
2015,Qtr 3,September,6,1.2000000000000002,301.34259999999995,30,1005.654
2015,Qtr 3,September,7,3.3,-39.06220000000029,51,2922.667
2015,Qtr 3,September,8,0,20.834399999999995,19,89.64
2015,Qtr 3,September,10,0.3,283.65899999999993,35,1415.7259999999999
2015,Qtr 3,September,11,0.2,467.95910000000003,52,1962.1299999999999
2015,Qtr 3,September,12,0.2,119.36759999999995,21,707.8240000000001
2015,Qtr 3,September,13,2.3,705.9920999999998,54,3445.7720000000004
2015,Qtr 3,September,14,0.6000000000000001,720.4735000000001,33,3262.42
2015,Qtr 3,September,15,2.0999999999999996,539.7909999999998,44,2535.8500000000004
2015,Qtr 3,September,16,0,14.6264,4,31.12
2015,Qtr 3,September,17,5.3999999999999995,-1194.2832000000003,86,11525.006
2015,Qtr 3,September,18,0.2,778.9322,62,3924.3200000000006
2015,Qtr 3,September,19,0,194.79919999999996,30,500.38
2015,Qtr 3,September,20,2.1,-905.3417999999999,37,1836.0520000000001
2015,Qtr 3,September,21,1.2000000000000002,1297.1822000000002,75,6982.058
2015,Qtr 3,September,22,1.9,29.083499999999873,33,1783.504
2015,Qtr 3,September,24,2.6999999999999997,1176.435,70,4220.594
2015,Qtr 3,September,25,3.5000000000000004,858.6825000000001,59,3033.7569999999996
2015,Qtr 3,September,26,5.3,672.7522000000001,93,3722.2729999999997
2015,Qtr 3,September,27,1.4,722.861,42,2382.958
2015,Qtr 3,September,28,1.5,287.2722,33,1058.3639999999998
2015,Qtr 4,October,1,1.4000000000000001,169.70020000000002,21,1158.414
2015,Qtr 4,October,2,2.0999999999999996,290.7676000000001,62,1269.2659999999998
2015,Qtr 4,October,3,1.95,-20.209199999999992,14,275.218
2015,Qtr 4,October,4,0.4,63.98499999999997,12,505.5799999999999
2015,Qtr 4,October,5,1.3,-21.292799999999943,23,851.092
2015,Qtr 4,October,8,0.8,-7.664500000000004,10,222.12
2015,Qtr 4,October,9,1.8,561.5940999999999,48,2133.535
2015,Qtr 4,October,10,0.6000000000000001,-354.4476,22,2248.194
2015,Qtr 4,October,11,0.65,-378.27810000000005,8,1011.8955
2015,Qtr 4,October,12,0.8,312.5427999999999,40,2390.758
2015,Qtr 4,October,13,0,101.18540000000003,10,371.65999999999997
2015,Qtr 4,October,15,2.5,-332.0802999999999,33,3219.554
2015,Qtr 4,October,16,0,214.4922,3,824.97
2015,Qtr 4,October,17,0,3.8939999999999912,2,77.88
2015,Qtr 4,October,18,1.2000000000000002,-155.48140000000006,17,378.494
2015,Qtr 4,October,19,0.8,633.5718,23,2135.0899999999997
2015,Qtr 4,October,20,0.2,155.3014,21,720.086
2015,Qtr 4,October,22,1,-6.768800000000001,5,15.127999999999998
2015,Qtr 4,October,23,3,352.14410000000004,59,2262.2960000000003
2015,Qtr 4,October,24,1.7000000000000002,-140.5054,24,831.145
2015,Qtr 4,October,25,0.4,96.38910000000001,24,1425.4119999999998
2015,Qtr 4,October,26,1.9,-59.06620000000006,37,1395.333
2015,Qtr 4,October,28,0,36.869200000000006,16,104.51
2015,Qtr 4,October,29,0,119.3436,9,244.24
2015,Qtr 4,October,30,1.3,550.7928999999999,21,2122.044
2015,Qtr 4,October,31,1.15,630.5868999999999,67,3211.0090000000005
2015,Qtr 4,November,1,0.8,922.0565,35,3106.106
2015,Qtr 4,November,2,1.9500000000000002,759.3802999999997,59,5528.551
2015,Qtr 4,November,3,0.5,371.94720000000007,25,2800.846
2015,Qtr 4,November,5,1.9,113.24299999999998,33,834.874
2015,Qtr 4,November,6,0.8999999999999999,-1.0428000000000006,6,11.481000000000002
2015,Qtr 4,November,7,4.3999999999999995,-957.6868000000003,56,3073.0730000000003
2015,Qtr 4,November,8,2.6,4006.636699999999,113,12196.997
2015,Qtr 4,November,9,0.2,1442.5108999999998,47,4620.2919999999995
2015,Qtr 4,November,10,0.2,929.9649999999999,25,3536.9040000000005
2015,Qtr 4,November,11,0.1,163.92040000000003,9,542.178
2015,Qtr 4,November,12,2.8,23.462499999999928,37,1127.992
2015,Qtr 4,November,13,3.8699999999999997,205.98509999999976,96,3591.0771999999997
2015,Qtr 4,November,14,1.2,573.2891,40,2512.7099999999996
2015,Qtr 4,November,15,2.1,-37.52530000000002,47,702.1700000000001
2015,Qtr 4,November,16,1.2000000000000002,884.1845999999998,45,4072.334
2015,Qtr 4,November,17,0.6000000000000001,617.7706999999998,47,3885.986000000001
2015,Qtr 4,November,19,0.2,283.2596,12,1040.7839999999999
2015,Qtr 4,November,20,6.000000000000001,-224.6004000000001,102,2861.1499999999996
2015,Qtr 4,November,21,5.62,-209.56780000000015,78,3613.5748
2015,Qtr 4,November,22,4.2,-68.56810000000006,52,614.499
2015,Qtr 4,November,23,1.2000000000000002,960.7959999999999,39,3450.1879999999996
2015,Qtr 4,November,24,0.6000000000000001,388.7960000000001,49,1218.7640000000001
2015,Qtr 4,November,25,0.2,1.4759999999999982,5,13.120000000000001
2015,Qtr 4,November,26,0.2,492.1915,27,1484.0819999999999
2015,Qtr 4,November,27,1.5500000000000003,62.725199999999944,60,3109.7835
2015,Qtr 4,November,28,2.4,118.6929999999999,58,1864.4820000000002
2015,Qtr 4,November,29,1.3000000000000003,578.8301999999999,43,2760.168
2015,Qtr 4,November,30,3.7999999999999994,72.6601,65,1798.3970000000004
2015,Qtr 4,December,1,1.2000000000000002,953.1089999999999,62,7130.594
2015,Qtr 4,December,3,3.1499999999999995,-105.91659999999985,41,1972.645
2015,Qtr 4,December,4,2.1,-182.66040000000004,72,5185.814
2015,Qtr 4,December,5,1.8,217.53659999999994,38,897.3219999999999
2015,Qtr 4,December,6,3.599999999999999,931.1059999999998,110,6061.5019999999995
2015,Qtr 4,December,7,0.4,382.4588,29,1338.298
2015,Qtr 4,December,8,0.8,342.7745000000001,31,2672.728
2015,Qtr 4,December,9,0,16.6698,3,34.019999999999996
2015,Qtr 4,December,10,1.2000000000000002,761.9428,70,3080.38
2015,Qtr 4,December,11,4.6,-70.13259999999994,71,1590.8940000000002
2015,Qtr 4,December,12,0.6000000000000001,390.1144999999999,47,1448.8540000000003
2015,Qtr 4,December,13,0.4,175.92529999999996,27,1023.3860000000001
2015,Qtr 4,December,14,1,132.45909999999995,28,858.304
2015,Qtr 4,December,15,1.9,-1524.4945000000005,37,5494.796
2015,Qtr 4,December,16,0,2.3406000000000002,1,4.98
2015,Qtr 4,December,17,1.4,327.55890000000005,43,1918.492
2015,Qtr 4,December,18,1.2,-84.30700000000002,37,935.288
2015,Qtr 4,December,19,1.7,1201.565,52,6120.656
2015,Qtr 4,December,20,1.7,66.46679999999992,28,1107.464
2015,Qtr 4,December,21,2.3,679.7547999999999,49,3257.7599999999998
2015,Qtr 4,December,22,0.5,6.643199999999997,13,473.31299999999993
2015,Qtr 4,December,23,0,56.352799999999974,4,194.32
2015,Qtr 4,December,24,4.1,1414.2556,80,7484.566000000001
2015,Qtr 4,December,25,1,906.1598999999997,47,4204.968000000001
2015,Qtr 4,December,26,0.7,4.522199999999984,15,561.486
2015,Qtr 4,December,27,3.0199999999999996,82.69459999999987,95,5148.4472000000005
2015,Qtr 4,December,28,0.4,2.9105999999999934,4,79.20000000000002
2015,Qtr 4,December,29,0,0.0636000000000001,2,6.36
2015,Qtr 4,December,30,0.4,490.60379999999964,18,3251.3400000000006
2015,Qtr 4,December,31,2.2,438.48819999999984,49,1381.344
2016,Qtr 1,January,2,0,105.54099999999998,5,405.91999999999996
2016,Qtr 1,January,3,0.6000000000000001,386.486,21,2095.8300000000004
2016,Qtr 1,January,4,1.1,40.4019999999999,11,1069.22
2016,Qtr 1,January,5,0.6000000000000001,46.45680000000001,10,255.904
2016,Qtr 1,January,7,0.8,8.139099999999996,9,83.576
2016,Qtr 1,January,8,1.1,449.1403000000001,25,1859.158
2016,Qtr 1,January,9,0.4,264.498,16,743.046
2016,Qtr 1,January,10,0,55.365300000000005,11,174.75
2016,Qtr 1,January,11,1,25.083399999999997,22,149.444
2016,Qtr 1,January,14,0.4,64.04600000000002,10,405.34400000000005
2016,Qtr 1,January,15,0.5,196.12239999999997,26,701.923
2016,Qtr 1,January,16,0.2,15.996500000000005,5,102.218
2016,Qtr 1,January,17,0,176.26819999999992,11,1040.5500000000002
2016,Qtr 1,January,21,0.4,70.25280000000001,9,1167.056
2016,Qtr 1,January,22,1.4,23.53090000000003,48,917.6300000000001
2016,Qtr 1,January,23,0,474.03679999999997,28,1732.3
2016,Qtr 1,January,24,0,15.68,4,31.36
2016,Qtr 1,January,25,0.6000000000000001,-65.85419999999999,24,858.712
2016,Qtr 1,January,28,0,10.3168,2,39.68
2016,Qtr 1,January,30,2.3,-284.22460000000007,41,3107.3160000000003
2016,Qtr 1,January,31,0.4,747.5398,20,1601.554
2016,Qtr 1,February,1,0,63.21619999999999,9,161.97
2016,Qtr 1,February,2,0.6,2753.7109999999993,24,8996.784
2016,Qtr 1,February,3,0,225.264,4,866.4
2016,Qtr 1,February,4,0.2,31.196799999999996,6,197.868
2016,Qtr 1,February,5,0.4,721.2766,55,2994.476
2016,Qtr 1,February,6,0.2,-18.180799999999998,4,132.22400000000002
2016,Qtr 1,February,7,0.4,74.2225,14,762.142
2016,Qtr 1,February,8,0.5,126.8972999999998,7,1369.476
2016,Qtr 1,February,9,0,50.73780000000001,5,121.83
2016,Qtr 1,February,11,0,0.6992999999999991,7,69.93
2016,Qtr 1,February,12,0,182.99800000000002,10,1366.0400000000002
2016,Qtr 1,February,13,0,73.41,3,146.82
2016,Qtr 1,February,14,0.3,30.374699999999976,20,837.921
2016,Qtr 1,February,15,0.2,128.06019999999998,7,407.072
2016,Qtr 1,February,16,1.6,-71.02680000000008,27,1135.6380000000001
2016,Qtr 1,February,19,0,68.46249999999998,13,392.65999999999997
2016,Qtr 1,February,20,0.2,5.567399999999999,2,16.496000000000002
2016,Qtr 1,February,21,2,207.66449999999998,42,1524.1259999999997
2016,Qtr 1,February,22,0.2,213.2609,18,983.1700000000001
2016,Qtr 1,February,23,0.2,21.591,3,57.576
2016,Qtr 1,February,25,0.2,17.52,5,46.72
2016,Qtr 1,February,27,0.6,71.08359999999999,8,243.892
2016,Qtr 1,February,28,0,18.240000000000002,6,36.480000000000004
2016,Qtr 1,February,29,0.2,8.332800000000002,7,111.104
2016,Qtr 1,March,1,0.6000000000000001,2267.4250999999995,20,6285.8060000000005
2016,Qtr 1,March,3,2.2,-383.7433000000004,59,7264.422
2016,Qtr 1,March,4,0.2,130.2479,10,315.45
2016,Qtr 1,March,5,0.4,49.59429999999998,4,162.344
2016,Qtr 1,March,6,4.2,-389.1555,20,811.3030000000001
2016,Qtr 1,March,7,0.2,1.5804,3,21.072
2016,Qtr 1,March,8,3.2,216.53979999999996,54,2190.81
2016,Qtr 1,March,9,0,212.07860000000005,18,635.6000000000001
2016,Qtr 1,March,10,1,745.8322999999998,22,7879.734
2016,Qtr 1,March,11,0.5,162.76579999999996,18,896.022
2016,Qtr 1,March,12,0.2,167.75730000000004,24,1694.642
2016,Qtr 1,March,13,5.5,-543.3346000000001,70,8866.882000000001
2016,Qtr 1,March,14,1.32,6.704199999999979,28,669.3679999999999
2016,Qtr 1,March,15,1.7000000000000002,61.35689999999994,37,2356.808
2016,Qtr 1,March,17,0.2,708.7041,21,2360.3340000000003
2016,Qtr 1,March,18,0.6000000000000001,-7.760999999999925,6,1061.682
2016,Qtr 1,March,19,1.4,-105.72619999999998,9,138.68
2016,Qtr 1,March,20,1.5,163.19509999999997,23,928.311
2016,Qtr 1,March,21,1.8000000000000003,-4.161000000000013,13,645.7059999999999
2016,Qtr 1,March,22,0.2,34.02159999999999,9,226.46800000000002
2016,Qtr 1,March,24,0.9,-204.0048,10,745.774
2016,Qtr 1,March,25,0,262.4714999999999,8,1346.97
2016,Qtr 1,March,26,0.6000000000000001,20.501699999999943,19,682.246
2016,Qtr 1,March,27,0,35.8254,7,92.69999999999999
2016,Qtr 1,March,28,0,11.659399999999998,7,125.30000000000001
2016,Qtr 1,March,29,2,-8.992900000000049,48,2659.3389999999995
2016,Qtr 1,March,30,0,5.5565999999999995,1,11.34
2016,Qtr 1,March,31,0.7000000000000001,-4.970700000000008,11,640.7620000000001
2016,Qtr 2,April,1,0.9,485.77099999999996,61,2161.48
2016,Qtr 2,April,2,0,378.274,5,1454.9
2016,Qtr 2,April,3,0.8999999999999999,66.83300000000003,20,441.198
2016,Qtr 2,April,4,0.2,256.3547,15,970.194
2016,Qtr 2,April,5,0.8,-177.31019999999995,14,1046.334
2016,Qtr 2,April,6,0,336.635,5,1294.75
2016,Qtr 2,April,7,0.7000000000000001,546.7635,16,1970.574
2016,Qtr 2,April,8,2.4,-1680.9997000000005,76,2906.404
2016,Qtr 2,April,9,0.35,156.44690000000003,18,1115.197
2016,Qtr 2,April,10,1.3,158.1682,32,950.594
2016,Qtr 2,April,12,1.4,59.43189999999994,34,1542.53
2016,Qtr 2,April,13,0,2.8763999999999994,3,6.12
2016,Qtr 2,April,14,0.6000000000000001,171.65859999999992,20,1466.5720000000001
2016,Qtr 2,April,15,1.9,63.00729999999999,33,2201.856
2016,Qtr 2,April,16,0.4,2434.1031999999996,31,9335.085999999998
2016,Qtr 2,April,17,0.7500000000000001,57.51139999999997,22,421.08500000000004
2016,Qtr 2,April,18,1.5,-61.64240000000002,29,2514.538
2016,Qtr 2,April,19,1.4,194.77539999999996,47,1414.1319999999998
2016,Qtr 2,April,21,2,-174.74280000000005,31,271.616
2016,Qtr 2,April,22,2,-826.5595999999999,37,1765.465
2016,Qtr 2,April,23,1.2,244.18,35,720.3679999999999
2016,Qtr 2,April,24,1.5,218.4839999999999,15,1607.1
2016,Qtr 2,April,25,1.7999999999999998,-37.9432,7,108.42
2016,Qtr 2,April,26,0.1,62.782199999999975,3,434.646
2016,Qtr 2,April,28,1.4,27.95649999999994,14,486.67199999999997
2016,Qtr 2,April,30,1,14.999600000000004,12,142.208
2016,Qtr 2,May,1,1.2999999999999998,-75.2426000000001,13,517.866
2016,Qtr 2,May,2,1.7,58.107399999999956,42,1098.136
2016,Qtr 2,May,3,3.5,-309.44660000000005,31,1099.0130000000001
2016,Qtr 2,May,5,1.7999999999999998,449.3112,40,2701.28
2016,Qtr 2,May,6,1.6,49.66329999999999,20,236.96000000000004
2016,Qtr 2,May,7,0.30000000000000004,1322.1309999999999,32,4835.976
2016,Qtr 2,May,8,1,154.69850000000005,16,1340.244
2016,Qtr 2,May,9,3.4000000000000004,9.508599999999802,48,1283.512
2016,Qtr 2,May,10,0.6000000000000001,-115.75080000000011,6,763.02
2016,Qtr 2,May,11,0,2.691,1,5.98
2016,Qtr 2,May,12,0.2,367.1883,25,918.8779999999999
2016,Qtr 2,May,14,3.3,40.85750000000002,37,455.93
2016,Qtr 2,May,15,1.1,273.30479999999994,26,648.9119999999999
2016,Qtr 2,May,16,0,41.60099999999997,20,880.4599999999998
2016,Qtr 2,May,17,3.2,16.380899999999972,36,346.9220000000001
2016,Qtr 2,May,18,0,34.86059999999999,6,122.22
2016,Qtr 2,May,19,0.4,325.79900000000004,42,1582.008
2016,Qtr 2,May,20,1.8,328.2993000000001,23,2471.913
2016,Qtr 2,May,21,2.2,271.21090000000004,31,2718.2139999999995
2016,Qtr 2,May,22,0.5,386.27470000000005,29,1799.2000000000003
2016,Qtr 2,May,23,1.9,1262.189999999999,23,10560.978
2016,Qtr 2,May,24,0.2,115.45419999999999,12,277.75600000000003
2016,Qtr 2,May,25,0,167.6508,15,1311.9699999999998
2016,Qtr 2,May,26,2.3,70.63059999999989,58,1975.3559999999998
2016,Qtr 2,May,27,1.4,989.5656000000001,27,5305.078
2016,Qtr 2,May,28,1,305.54580000000004,56,2137.324
2016,Qtr 2,May,29,1.1,291.99590000000006,18,1063.1850000000002
2016,Qtr 2,May,30,4.2,1777.9958999999994,109,8090.578
2016,Qtr 2,May,31,1.5000000000000002,49.66960000000003,21,438.8589999999999
2016,Qtr 2,June,2,0.6000000000000001,23.579599999999996,19,157.844
2016,Qtr 2,June,3,0.2,-1.777200000000004,2,71.08800000000001
2016,Qtr 2,June,4,3.1,-29.897700000000018,38,2316.5229999999997
2016,Qtr 2,June,5,0.6000000000000001,121.3312,30,659.82
2016,Qtr 2,June,6,1,1049.4815,67,6026.312000000002
2016,Qtr 2,June,7,0.4,22.9219,13,51.562000000000005
2016,Qtr 2,June,9,0.9,179.1381,11,1688.472
2016,Qtr 2,June,10,0.4,-183.58960000000016,19,1412.396
2016,Qtr 2,June,11,2.6,237.95510000000007,40,1623.416
2016,Qtr 2,June,12,3.8000000000000003,282.5019,94,2962.5629999999996
2016,Qtr 2,June,13,0.2,114.93530000000001,8,430.43799999999993
2016,Qtr 2,June,14,1.65,326.62739999999997,38,3457.099
2016,Qtr 2,June,15,0.2,54.21499999999998,7,173.48800000000003
2016,Qtr 2,June,16,0.5,24.491,9,147.27499999999998
2016,Qtr 2,June,17,1.25,277.3226999999998,60,3000.92
2016,Qtr 2,June,18,1.3,115.90739999999997,9,541.938
2016,Qtr 2,June,19,0,8.0464,2,17.12
2016,Qtr 2,June,20,2.0999999999999996,153.8827,59,1229.548
2016,Qtr 2,June,21,1.4000000000000001,27.759199999999964,14,577.108
2016,Qtr 2,June,23,0.2,345.11149999999986,48,2475.094
2016,Qtr 2,June,24,1.2000000000000002,720.6927999999997,23,5310.952
2016,Qtr 2,June,25,2.1,-112.1216,20,893.266
2016,Qtr 2,June,26,0.4,428.85599999999994,57,1919.6000000000001
2016,Qtr 2,June,27,0.7,17.0653999999999,12,778.706
2016,Qtr 2,June,28,0.6000000000000001,226.2909,20,877.156
2016,Qtr 2,June,29,0,19.188000000000002,6,191.88
2016,Qtr 2,June,30,0.2,300.46319999999986,17,1352.9499999999998
2016,Qtr 3,July,1,0.2,545.6345999999999,25,1724.376
2016,Qtr 3,July,2,0.7,37.1906,16,772.786
2016,Qtr 3,July,3,0.2,242.9458,16,847.7
2016,Qtr 3,July,4,0.55,293.1900999999999,27,1651.301
2016,Qtr 3,July,7,3.8999999999999995,1007.9792000000001,59,3882.2310000000007
2016,Qtr 3,July,8,3,243.60909999999987,41,2616.5119999999993
2016,Qtr 3,July,9,0.1,87.40960000000001,6,573.286
2016,Qtr 3,July,10,2,-370.0612,18,895.895
2016,Qtr 3,July,12,0.2,7.181999999999995,6,95.76
2016,Qtr 3,July,14,1.7999999999999998,350.7694999999999,79,2149.9599999999996
2016,Qtr 3,July,15,0.4,69.75399999999999,13,380.20000000000005
2016,Qtr 3,July,16,2,-65.54600000000008,44,910.17
2016,Qtr 3,July,17,0.4,625.6817000000002,51,2184.8800000000006
2016,Qtr 3,July,18,2.6999999999999997,99.53099999999988,46,2891.858
2016,Qtr 3,July,19,0.2,500.51000000000005,29,1536.454
2016,Qtr 3,July,20,0,43.175999999999995,5,89.94999999999999
2016,Qtr 3,July,21,2.4,205.748,27,991.095
2016,Qtr 3,July,22,0.4,276.6497,43,1368.0480000000002
2016,Qtr 3,July,23,3.5,-99.43890000000007,31,654.587
2016,Qtr 3,July,24,0.1,52.24359999999997,7,326.964
2016,Qtr 3,July,25,1.4,1109.2371000000003,90,5920.487999999999
2016,Qtr 3,July,28,2.6,-1307.0702,36,2033.3740000000003
2016,Qtr 3,July,29,1.8,-12.094700000000044,13,819.154
2016,Qtr 3,July,30,1.2000000000000002,219.9664,11,1770.776
2016,Qtr 3,July,31,0.30000000000000004,268.68089999999995,19,2174.158
2016,Qtr 3,August,1,0.6000000000000001,114.53360000000005,8,1124.648
2016,Qtr 3,August,2,0.6000000000000001,53.41380000000001,7,482.58400000000006
2016,Qtr 3,August,3,0,61.74300000000001,15,248.82
2016,Qtr 3,August,4,1.4000000000000001,98.0654,27,497.91
2016,Qtr 3,August,5,0,59.11499999999998,7,197.04999999999998
2016,Qtr 3,August,6,0.2,67.5102,15,320.38800000000003
2016,Qtr 3,August,7,0,86.38560000000001,3,179.97
2016,Qtr 3,August,8,0.8,180.92659999999998,25,1115.204
2016,Qtr 3,August,9,2,67.22459999999994,23,661.3539999999999
2016,Qtr 3,August,11,0,70.4852,14,151.82
2016,Qtr 3,August,12,1.35,14.874599999999845,29,3951.9605000000006
2016,Qtr 3,August,13,1.9000000000000001,-82.30520000000004,34,731.524
2016,Qtr 3,August,14,1.4,-8.07380000000002,21,923.688
2016,Qtr 3,August,15,1.7,175.27320000000006,32,1680.266
2016,Qtr 3,August,16,0.2,32.7522,10,204.54000000000002
2016,Qtr 3,August,17,0.2,5.695599999999999,4,15.712000000000002
2016,Qtr 3,August,18,2.2,132.1081,26,496.114
2016,Qtr 3,August,19,0.6000000000000001,154.1413,13,448.79200000000003
2016,Qtr 3,August,20,0,3.9906000000000006,2,14.78
2016,Qtr 3,August,21,1.9,18.43179999999984,64,4798.292
2016,Qtr 3,August,22,2.8,46.672999999999995,24,405.35
2016,Qtr 3,August,23,1.4,230.88450000000003,73,4187.348000000001
2016,Qtr 3,August,26,1.5,748.6752,69,4874.298000000001
2016,Qtr 3,August,27,1.7,196.3329,46,767.9110000000001
2016,Qtr 3,August,28,3.02,-89.64470000000003,29,322.02479999999997
2016,Qtr 3,August,29,3,-121.17700000000002,37,632.188
2016,Qtr 3,August,30,2,-258.36280000000016,34,1656.8700000000003
2016,Qtr 3,August,31,0.2,2.396799999999999,2,23.968000000000004
2016,Qtr 3,September,1,1.3,1896.7401999999997,65,5766.152000000001
2016,Qtr 3,September,2,5.499999999999999,750.1166999999998,101,6792.193
2016,Qtr 3,September,3,2.9999999999999996,-755.7506000000003,59,2365.5960000000005
2016,Qtr 3,September,4,1.4,1464.5007999999998,60,4532.042
2016,Qtr 3,September,5,7.999999999999999,425.5153999999999,145,5226.348
2016,Qtr 3,September,6,1.7,204.64179999999988,23,1313.5360000000003
2016,Qtr 3,September,8,3.4199999999999995,-375.6300000000001,67,4493.9836
2016,Qtr 3,September,9,1,12.1616,10,84.99200000000002
2016,Qtr 3,September,10,1.5,250.43040000000002,35,2094.324
2016,Qtr 3,September,11,3.4999999999999996,1353.6501999999998,67,6501.586000000002
2016,Qtr 3,September,12,1.4,452.8073999999999,47,2043.7919999999997
2016,Qtr 3,September,13,0,696.2946999999999,46,2374.73
2016,Qtr 3,September,14,0.2,396.3846,9,1137.3380000000002
2016,Qtr 3,September,15,0.8,601.9099,27,2101.1820000000002
2016,Qtr 3,September,16,0.15,28.461799999999982,10,425.88599999999997
2016,Qtr 3,September,17,1,492.8203,44,2043.1260000000002
2016,Qtr 3,September,18,2.25,359.34599999999983,46,4751.082
2016,Qtr 3,September,19,1.7000000000000002,936.3999999999999,59,3839.312
2016,Qtr 3,September,20,0.8,377.3805999999999,34,1232.0040000000001
2016,Qtr 3,September,22,2.0999999999999996,156.2421,64,615.5699999999998
2016,Qtr 3,September,23,2.0999999999999996,92.77649999999997,51,1322.1450000000002
2016,Qtr 3,September,24,1.7000000000000002,-556.9555000000001,47,2286.0499999999997
2016,Qtr 3,September,25,2.9499999999999997,335.5551999999999,73,3443.0910000000003
2016,Qtr 3,September,26,3.55,-415.5319000000003,58,2698.1665000000003
2016,Qtr 3,September,27,1.22,-88.56019999999998,18,1992.9858
2016,Qtr 3,September,28,0.2,30.979999999999993,4,99.13600000000001
2016,Qtr 3,September,29,0.8,235.40620000000004,40,1307.792
2016,Qtr 3,September,30,1,-29.436599999999984,7,525.884
2016,Qtr 4,October,1,1.9,-42.78950000000006,28,781.414
2016,Qtr 4,October,2,0.7,8738.797099999998,27,18452.971999999994
2016,Qtr 4,October,3,1.1,224.53379999999987,23,1680.696
2016,Qtr 4,October,4,0.9000000000000001,2658.3198000000007,28,5912.782000000001
2016,Qtr 4,October,6,2.3,-947.1071,24,830.4000000000001
2016,Qtr 4,October,7,0.6000000000000001,79.40800000000004,21,973.7119999999999
2016,Qtr 4,October,8,1,-51.990400000000044,21,561.5360000000001
2016,Qtr 4,October,9,1.2000000000000002,-34.40839999999999,15,546.9200000000001
2016,Qtr 4,October,10,3.4,-219.89890000000008,16,282.753
2016,Qtr 4,October,11,0.4,4.132999999999999,5,33.064
2016,Qtr 4,October,13,2.9,-397.0627000000001,77,1650.618
2016,Qtr 4,October,14,1.2,981.5369999999998,29,3335.8880000000004
2016,Qtr 4,October,15,0.2,598.941,63,1620.1499999999999
2016,Qtr 4,October,16,0.4,-37.91520000000003,1,142.182
2016,Qtr 4,October,17,0.35,1160.7310000000002,19,2953.346
2016,Qtr 4,October,18,0.2,-34.64100000000002,5,307.92
2016,Qtr 4,October,20,1.3,127.66129999999997,42,946.1740000000002
2016,Qtr 4,October,21,2.5,1763.4705999999994,91,7951.5920000000015
2016,Qtr 4,October,22,0,57.26579999999999,16,188.28
2016,Qtr 4,October,23,0.8,192.2002,25,467.42199999999997
2016,Qtr 4,October,24,0.4,314.03589999999997,18,1365.4979999999998
2016,Qtr 4,October,25,0.2,78.39600000000004,5,783.9600000000002
2016,Qtr 4,October,27,0.7000000000000001,237.81499999999994,40,978.7900000000001
2016,Qtr 4,October,28,3.0999999999999996,255.01780000000008,70,2899.021000000001
2016,Qtr 4,October,29,0.2,39.41839999999999,12,131.154
2016,Qtr 4,October,30,0.2,46.94780000000001,12,159.002
2016,Qtr 4,October,31,0.7,450.3262000000001,34,3750.4990000000003
2016,Qtr 4,November,1,0.4,149.30419999999998,17,453.374
2016,Qtr 4,November,3,2.6999999999999997,696.3602000000001,97,3802.7959999999994
2016,Qtr 4,November,4,4,-57.334900000000346,78,3888.818000000001
2016,Qtr 4,November,5,3.6199999999999997,62.05509999999984,71,4266.898799999999
2016,Qtr 4,November,6,1,60.87819999999997,16,773.256
2016,Qtr 4,November,7,2.1999999999999997,635.1252000000001,57,3810.4640000000004
2016,Qtr 4,November,8,0,261.49559999999997,5,993.8999999999999
2016,Qtr 4,November,9,0,177.58890000000002,3,479.97
2016,Qtr 4,November,10,4.500000000000001,1081.5284,144,4723.478
2016,Qtr 4,November,11,2.4999999999999996,496.01790000000005,66,4944.295999999999
2016,Qtr 4,November,12,3.8999999999999995,170.32519999999974,73,4914.938
2016,Qtr 4,November,13,1.2000000000000002,789.1702000000002,47,2945.138
2016,Qtr 4,November,14,1.8000000000000003,424.11100000000005,42,2774.062
2016,Qtr 4,November,15,1,262.9901,17,2145.718
2016,Qtr 4,November,16,0.2,16.156,10,36.72
2016,Qtr 4,November,17,0.6000000000000001,28.9717,15,142.68400000000003
2016,Qtr 4,November,18,1.5,781.102,40,3958.9320000000002
2016,Qtr 4,November,19,3.8000000000000003,111.75049999999999,69,638.462
2016,Qtr 4,November,20,4.6,508.7925999999999,87,3070.3329999999996
2016,Qtr 4,November,21,2.1999999999999997,150.9536,42,1176.8909999999998
2016,Qtr 4,November,22,2.6,80.365,44,317.04400000000004
2016,Qtr 4,November,23,0.6000000000000001,18.649599999999985,14,100.616
2016,Qtr 4,November,24,3.600000000000001,1246.1060999999995,94,6394.538000000002
2016,Qtr 4,November,25,2,-6247.396900000002,53,7978.551000000001
2016,Qtr 4,November,26,2.75,1776.8757,77,8329.743000000002
2016,Qtr 4,November,27,1.55,209.4244,57,1651.239
2016,Qtr 4,November,28,2.5,320.303,48,3428.3720000000003
2016,Qtr 4,November,29,0.8,-285.9254,6,300.59200000000004
2016,Qtr 4,November,30,0.2,85.66429999999995,17,970.142
2016,Qtr 4,December,1,2.1,1652.8648000000003,89,7365.454999999999
2016,Qtr 4,December,2,1.52,992.4431999999997,78,4684.616
2016,Qtr 4,December,3,1.75,1065.8562000000002,60,5269.816000000001
2016,Qtr 4,December,4,0.4,146.7888,24,944.286
2016,Qtr 4,December,5,0.6000000000000001,1468.7368999999999,70,5267.004
2016,Qtr 4,December,6,2.1999999999999997,1017.2350999999999,93,3878.2760000000007
2016,Qtr 4,December,8,2.5,146.97029999999978,65,4709.095000000001
2016,Qtr 4,December,9,3.2,340.0392999999999,58,1855.483
2016,Qtr 4,December,10,0.6000000000000001,1020.2983,64,3459.7100000000005
2016,Qtr 4,December,11,4.1000000000000005,425.9721999999998,112,6102.250000000002
2016,Qtr 4,December,12,0.8999999999999999,482.0631999999999,61,1981.1149999999998
2016,Qtr 4,December,13,0.4,72.15540000000004,13,1194.088
2016,Qtr 4,December,14,0.4,315.54130000000004,35,828.654
2016,Qtr 4,December,15,1.4,27.61860000000013,19,2637.0870000000004
2016,Qtr 4,December,16,1.2000000000000002,8.463699999999951,20,628.5419999999999
2016,Qtr 4,December,17,1,4653.9969,38,12185.134
2016,Qtr 4,December,18,3.5,727.4943999999998,86,7051.35
2016,Qtr 4,December,19,3.1,-251.3853,29,815.1120000000001
2016,Qtr 4,December,20,0,38.530800000000006,14,134.54000000000002
2016,Qtr 4,December,22,1.7,228.1434,32,1043.128
2016,Qtr 4,December,23,3,1008.2603999999991,68,6965.857000000001
2016,Qtr 4,December,24,1.1,323.5229,45,1938.2600000000002
2016,Qtr 4,December,25,3,1393.3961,77,10488.055
2016,Qtr 4,December,26,1.2,155.94160000000005,34,1829.418
2016,Qtr 4,December,27,1.1,16.758599999999895,30,959.49
2016,Qtr 4,December,29,2.4,192.49550000000002,48,1277.68
2016,Qtr 4,December,30,2.1,146.86319999999998,25,773.774
2016,Qtr 4,December,31,1.2,68.24350000000003,27,731.7679999999999
2017,Qtr 1,January,1,3.9,-181.41090000000003,56,1481.8280000000002
2017,Qtr 1,January,2,3.3999999999999995,-207.04730000000006,26,2079.554
2017,Qtr 1,January,3,0.2,704.2800000000001,17,2070.272
2017,Qtr 1,January,6,0,15.5204,7,33.74
2017,Qtr 1,January,7,0.7999999999999999,758.7191999999997,27,3395.59
2017,Qtr 1,January,8,0,80.3682,2,892.98
2017,Qtr 1,January,9,0.7,-228.74250000000006,3,274.49100000000004
2017,Qtr 1,January,12,0.8,-1101.516,14,848.5199999999998
2017,Qtr 1,January,13,0,206.65240000000009,19,4619.329999999999
2017,Qtr 1,January,14,2.8,208.80790000000002,70,1056.038
2017,Qtr 1,January,15,2.4000000000000004,297.2059999999999,31,2140.2799999999997
2017,Qtr 1,January,16,0.2,2595.2029999999995,25,6230.2919999999995
2017,Qtr 1,January,19,1.3000000000000003,55.404300000000006,22,2013.7149999999997
2017,Qtr 1,January,20,0.7000000000000001,156.03199999999998,21,767.838
2017,Qtr 1,January,21,1.8,619.2186999999999,58,2546.643
2017,Qtr 1,January,22,0.4,1461.3510999999999,21,4212.372
2017,Qtr 1,January,23,1.3,60.54999999999998,22,450.334
2017,Qtr 1,January,24,0.4,105.06819999999999,11,418.66600000000005
2017,Qtr 1,January,26,0.2,803.9555,30,3055.2799999999997
2017,Qtr 1,January,27,0.8,1.623899999999999,12,331.914
2017,Qtr 1,January,28,0,333.8478,20,1007.52
2017,Qtr 1,January,29,1.2000000000000002,86.90309999999997,31,294.842
2017,Qtr 1,January,30,1.7,308.4440999999998,52,3749.335
2017,Qtr 1,February,2,1.2000000000000002,170.67699999999994,32,913.3540000000002
2017,Qtr 1,February,3,3,215.56999999999994,19,922.3270000000001
2017,Qtr 1,February,4,0,8.494200000000001,3,32.67
2017,Qtr 1,February,5,1.2000000000000002,74.88199999999978,19,2263.0119999999997
2017,Qtr 1,February,6,0.4,204.31579999999994,19,904.3539999999999
2017,Qtr 1,February,9,2.4,-411.97260000000017,19,773.764
2017,Qtr 1,February,10,0.15,28.12739999999998,6,227.10299999999998
2017,Qtr 1,February,11,0.8,130.10179999999986,18,1241.5160000000003
2017,Qtr 1,February,13,0,424.3345000000001,25,1058.43
2017,Qtr 1,February,16,1.5,95.97559999999993,21,1337.442
2017,Qtr 1,February,17,3.42,-383.54780000000017,43,2964.8174000000004
2017,Qtr 1,February,18,0.2,62.40820000000001,8,287.326
2017,Qtr 1,February,19,0,377.05149999999986,16,1314.59
2017,Qtr 1,February,20,1.9,-107.5121,33,1150.29
2017,Qtr 1,February,21,0.2,-2.9940000000000015,1,47.904
2017,Qtr 1,February,23,0.2,42.36999999999999,16,117.79999999999998
2017,Qtr 1,February,24,1.1,249.3928999999998,14,1448.676
2017,Qtr 1,February,25,1.2000000000000002,-19.37980000000001,10,430.492
2017,Qtr 1,February,26,0.6000000000000001,447.3532,38,2847.646
2017,Qtr 1,February,28,0,8.2242,3,17.62
2017,Qtr 1,March,2,2.9000000000000004,244.0397,45,1450.126
2017,Qtr 1,March,3,0.6000000000000001,528.1881,34,2000.1040000000003
2017,Qtr 1,March,4,1.2000000000000002,-33.9224,14,228.822
2017,Qtr 1,March,5,0,480.4513,28,1240.02
2017,Qtr 1,March,6,0.8,235.126,40,778.236
2017,Qtr 1,March,7,0.2,56.1114,12,166.59000000000003
2017,Qtr 1,March,8,0.2,243.448,17,843.1000000000001
2017,Qtr 1,March,9,0.4,139.62849999999995,9,710.8040000000001
2017,Qtr 1,March,10,2.5999999999999996,-165.0196,24,1252.952
2017,Qtr 1,March,11,1.6999999999999997,224.69839999999994,19,1973.708
2017,Qtr 1,March,12,0,60.47399999999999,19,353.28000000000003
2017,Qtr 1,March,13,2.1999999999999997,827.2756,71,4791.349999999999
2017,Qtr 1,March,14,0.2,4.961599999999999,2,49.61600000000001
2017,Qtr 1,March,16,2.6999999999999997,182.3024999999999,44,2014.3809999999999
2017,Qtr 1,March,17,1.6,129.72739999999996,56,542.746
2017,Qtr 1,March,18,2.8000000000000003,-250.11810000000014,43,1027.758
2017,Qtr 1,March,19,1,130.40929999999994,50,2166.248
2017,Qtr 1,March,20,0.4,253.0645,21,899.568
2017,Qtr 1,March,21,1,912.2595999999999,45,3332.636000000001
2017,Qtr 1,March,23,0.4,6818.627599999998,33,14816.068
2017,Qtr 1,March,24,0.4,340.27239999999995,17,1257.2980000000002
2017,Qtr 1,March,25,1,730.5125999999998,46,3567.0260000000003
2017,Qtr 1,March,26,1.8,426.5697000000001,39,3252.88
2017,Qtr 1,March,27,1.32,128.52319999999978,38,2933.516
2017,Qtr 1,March,28,0.8999999999999999,58.86419999999997,35,1504.702
2017,Qtr 1,March,29,0,21.164000000000005,5,81.4
2017,Qtr 1,March,30,0.8999999999999999,222.0362,16,656.407
2017,Qtr 1,March,31,1.9200000000000002,1802.2157999999997,63,4981.010799999999
2017,Qtr 2,April,1,1.3499999999999999,542.9407999999995,60,5972.987999999999
2017,Qtr 2,April,2,0,215.89819999999997,16,822.9700000000001
2017,Qtr 2,April,3,0.4,9.846600000000002,7,32.528
2017,Qtr 2,April,4,0.2,110.17770000000002,13,808.47
2017,Qtr 2,April,6,0.7,44.03039999999999,8,114.41999999999999
2017,Qtr 2,April,7,2.4,-341.1727000000001,17,1971.2905000000005
2017,Qtr 2,April,8,0,2276.8183,32,6401.93
2017,Qtr 2,April,9,2,411.28209999999996,38,1626.7099999999998
2017,Qtr 2,April,10,1.7,171.78419999999997,29,755.5290000000001
2017,Qtr 2,April,11,1.6,18.41699999999998,28,319.806
2017,Qtr 2,April,12,0,31.347,9,69.66
2017,Qtr 2,April,13,0.6000000000000001,268.2203999999999,17,1345.824
2017,Qtr 2,April,14,1.2,33.600499999999954,30,652.93
2017,Qtr 2,April,15,1.1,109.89509999999999,19,332.33799999999997
2017,Qtr 2,April,16,2.85,-45.439,30,944.429
2017,Qtr 2,April,17,3.6000000000000005,-3403.495000000001,61,3431.4590000000007
2017,Qtr 2,April,20,3.8,22.754299999999905,44,2033.2400000000002
2017,Qtr 2,April,21,2.8,27.604100000000017,30,1254.564
2017,Qtr 2,April,22,0.2,93.973,8,947.692
2017,Qtr 2,April,23,2.3,199.31719999999996,56,1199.2220000000002
2017,Qtr 2,April,24,3,-12.036100000000028,27,928.5579999999999
2017,Qtr 2,April,25,1.15,104.58490000000002,36,678.1129999999999
2017,Qtr 2,April,26,0.6,27.162300000000002,12,61.608000000000004
2017,Qtr 2,April,27,0.52,60.0206,24,576.5756
2017,Qtr 2,April,28,0.8,91.36719999999987,8,795.296
2017,Qtr 2,April,29,0.4,-67.48409999999998,6,1053.26
2017,Qtr 2,April,30,4.2,-68.12500000000004,68,1390.1259999999997
2017,Qtr 2,May,1,1.25,-453.8578,21,4108.37
2017,Qtr 2,May,2,0,110.39439999999999,20,399.11
2017,Qtr 2,May,3,2.2,-80.10020000000006,39,1386.346
2017,Qtr 2,May,4,2.5,365.2772999999999,30,1632.565
2017,Qtr 2,May,5,1.5999999999999999,-122.5625,26,185.12300000000005
2017,Qtr 2,May,6,3.2199999999999993,84.1947999999999,73,3183.3698000000004
2017,Qtr 2,May,7,0.30000000000000004,649.4174999999998,18,2549.4680000000003
2017,Qtr 2,May,8,1,1061.3635999999997,23,3658.5540000000005
2017,Qtr 2,May,9,0.6000000000000001,273.96239999999995,21,1078.222
2017,Qtr 2,May,11,2.1,-319.42490000000004,28,449.46900000000005
2017,Qtr 2,May,12,1.8,36.53099999999995,45,970.3840000000002
2017,Qtr 2,May,13,0.5,809.8532,37,3066.3779999999997
2017,Qtr 2,May,14,2.1999999999999997,1077.8877999999995,83,4182.062000000001
2017,Qtr 2,May,15,1.9,73.97469999999998,15,421.264
2017,Qtr 2,May,16,0.2,-55.256,2,221.024
2017,Qtr 2,May,18,3.6000000000000005,407.8936,59,1830.5080000000003
2017,Qtr 2,May,19,1.4,1171.7753,86,4919.182
2017,Qtr 2,May,20,0.8,273.21039999999977,52,2997.578
2017,Qtr 2,May,21,0,78.01830000000002,8,538.0200000000001
2017,Qtr 2,May,22,1.3,-6.969500000000004,25,336.562
2017,Qtr 2,May,23,2.2,-66.07770000000004,14,241.436
2017,Qtr 2,May,25,0.4,230.33169999999993,22,886.026
2017,Qtr 2,May,26,0,76.44959999999999,9,270.24
2017,Qtr 2,May,27,1.3,384.45779999999996,44,2084.908
2017,Qtr 2,May,28,2.5999999999999996,169.19639999999993,44,1480.103
2017,Qtr 2,May,29,1,110.42989999999999,24,691.108
2017,Qtr 2,May,30,0.9200000000000002,75.15969999999997,21,736.8904
2017,Qtr 2,June,1,1.7000000000000002,1295.5061,45,5058.361999999999
2017,Qtr 2,June,2,1.4,38.5265,20,135.706
2017,Qtr 2,June,3,2.9,384.1454,71,2952.0360000000005
2017,Qtr 2,June,4,1.8000000000000003,66.74519999999998,32,279.41400000000004
2017,Qtr 2,June,5,0.4,60.17489999999995,7,491.1120000000001
2017,Qtr 2,June,6,0,2.1780000000000004,6,31.35
2017,Qtr 2,June,8,3.6500000000000004,134.16190000000003,32,2227.0379999999996
2017,Qtr 2,June,9,1.5,2.227299999999971,21,939.133
2017,Qtr 2,June,10,0.9500000000000001,186.4922999999999,58,2513.343
2017,Qtr 2,June,11,2.0999999999999996,274.9411999999999,44,1580.8940000000002
2017,Qtr 2,June,12,1.5,314.91439999999994,33,1679.9679999999998
2017,Qtr 2,June,13,0.9000000000000001,-95.02220000000005,24,1156.018
2017,Qtr 2,June,15,2.5999999999999996,404.4218,57,4057.5100000000007
2017,Qtr 2,June,16,1.6,521.3649999999999,47,2724.1940000000004
2017,Qtr 2,June,17,2.2,1696.4658999999997,28,3896.6720000000005
2017,Qtr 2,June,18,0.35,117.87989999999989,18,1031.1554999999998
2017,Qtr 2,June,19,4.199999999999999,-22.034600000000083,58,2115.941
2017,Qtr 2,June,20,0.8,263.752,31,1028.228
2017,Qtr 2,June,21,0.8999999999999999,230.9592,26,595.656
2017,Qtr 2,June,22,2.6,123.27859999999998,18,579.0189999999999
2017,Qtr 2,June,24,1.3000000000000003,-28.52340000000018,43,1287.614
2017,Qtr 2,June,25,1,185.0874999999999,18,1508.352
2017,Qtr 2,June,26,1.6,705.2893999999999,85,4224.1359999999995
2017,Qtr 2,June,27,0.1,335.5358999999999,17,1644.906
2017,Qtr 2,June,29,2.02,889.2002,52,4521.9912
2017,Qtr 2,June,30,2.0500000000000003,135.66729999999984,40,4721.977000000001
2017,Qtr 3,July,1,0,103.95460000000003,9,639.83
2017,Qtr 3,July,2,1,51.3259,9,169.192
2017,Qtr 3,July,3,2.4,1488.1451000000002,77,6963.404
2017,Qtr 3,July,5,2.6,-337.40990000000005,32,476.35400000000004
2017,Qtr 3,July,6,1.3,13.745400000000012,9,380.37800000000004
2017,Qtr 3,July,7,1.9,37.402899999999846,26,1620.25
2017,Qtr 3,July,8,0.4,817.1375999999999,70,1980.264
2017,Qtr 3,July,9,1.9000000000000001,164.11139999999995,43,1671.214
2017,Qtr 3,July,10,0.2,44.92500000000002,12,359.214
2017,Qtr 3,July,11,0.4,336.16809999999987,34,1728.8919999999998
2017,Qtr 3,July,12,0.2,1.1924999999999997,1,3.816
2017,Qtr 3,July,13,0.6000000000000001,112.01669999999999,14,504.542
2017,Qtr 3,July,14,1.7999999999999998,-46.04390000000001,55,3598.9339999999997
2017,Qtr 3,July,15,0.4,285.20519999999993,29,2132.2290000000003
2017,Qtr 3,July,16,0.7,15.037400000000005,7,316.636
2017,Qtr 3,July,17,0.55,477.3141999999999,32,2191.873
2017,Qtr 3,July,18,2.6999999999999997,-425.6398,27,2106.794
2017,Qtr 3,July,20,0.9,727.2774,35,2283.208
2017,Qtr 3,July,21,4.8,144.22859999999983,95,3685.944
2017,Qtr 3,July,22,0.3,-61.106099999999984,7,556.314
2017,Qtr 3,July,23,1,258.41179999999997,41,898.188
2017,Qtr 3,July,24,0.2,839.9860000000001,5,2399.96
2017,Qtr 3,July,25,1.7,-39.79680000000003,31,798.7420000000001
2017,Qtr 3,July,26,0.2,705.274,8,2012.3020000000001
2017,Qtr 3,July,27,0.4,211.57549999999998,30,1142.68
2017,Qtr 3,July,28,0.4,108.05360000000007,9,1170.564
2017,Qtr 3,July,29,1,367.46059999999994,37,1391.2939999999996
2017,Qtr 3,July,30,0.7,87.9368,18,523.376
2017,Qtr 3,July,31,1,464.73139999999995,38,1558.028
2017,Qtr 3,August,1,1.2000000000000002,-159.40620000000024,22,2085.6499999999996
2017,Qtr 3,August,3,0.7,40.30090000000001,22,531.348
2017,Qtr 3,August,4,1.2000000000000002,0.4319999999999995,6,20.07
2017,Qtr 3,August,5,0.2,170.4234,28,503.67600000000004
2017,Qtr 3,August,6,0.2,419.7761999999999,34,1424.026
2017,Qtr 3,August,7,1.7999999999999998,705.8854000000001,56,3479.6240000000007
2017,Qtr 3,August,10,0,521.9644000000001,22,1823.0700000000002
2017,Qtr 3,August,11,1.4000000000000001,235.90439999999995,36,708.726
2017,Qtr 3,August,12,0.6000000000000001,888.6844999999998,51,3693.0839999999994
2017,Qtr 3,August,13,2.3,-1071.7151999999996,51,2643.164
2017,Qtr 3,August,14,0.2,12.387900000000002,11,440.73599999999993
2017,Qtr 3,August,15,0.2,-289.18360000000007,16,1949.872
2017,Qtr 3,August,16,0.8999999999999999,-12.029200000000003,7,80.56400000000001
2017,Qtr 3,August,17,3.3000000000000003,605.8984999999994,70,9517.287999999999
2017,Qtr 3,August,18,3.0999999999999996,1971.9706,69,7078.484
2017,Qtr 3,August,19,1,225.0193,9,512.446
2017,Qtr 3,August,20,0.6000000000000001,183.61779999999996,25,692.95
2017,Qtr 3,August,21,1.9999999999999998,2245.6487999999995,95,8551.054
2017,Qtr 3,August,22,0.6000000000000001,-81.25010000000006,3,524.54
2017,Qtr 3,August,23,1,358.54600000000005,28,4590.344000000001
2017,Qtr 3,August,24,0.8,77.40599999999998,15,685.0560000000002
2017,Qtr 3,August,25,1.3,-17.110800000000012,12,361.98800000000006
2017,Qtr 3,August,26,0.6,-14.764999999999986,11,190.66
2017,Qtr 3,August,27,2.4999999999999996,1008.8821,82,6190.5380000000005
2017,Qtr 3,August,28,0.8,345.30090000000007,35,1443.6319999999998
2017,Qtr 3,August,29,1.4000000000000001,57.12820000000002,25,235.46800000000002
2017,Qtr 3,August,31,1.4,611.2384999999998,43,3162.8300000000004
2017,Qtr 3,September,1,0.2,340.5586,27,1261.8100000000004
2017,Qtr 3,September,2,3.7,2600.1853,126,9354.854
2017,Qtr 3,September,3,2.5500000000000003,199.48179999999982,42,1595.8489999999997
2017,Qtr 3,September,4,6.000000000000001,224.42510000000001,108,5360.202
2017,Qtr 3,September,5,0.8,-17.19440000000002,15,327.044
2017,Qtr 3,September,7,2.6999999999999997,1248.2396999999999,85,3848.565
2017,Qtr 3,September,8,4.2,-510.9671,57,2184.3269999999998
2017,Qtr 3,September,9,6.700000000000001,-152.8753999999997,101,4356.061
2017,Qtr 3,September,10,2.2,-977.3219,56,2506.646
2017,Qtr 3,September,11,2.8999999999999995,1032.8846999999996,97,5564.005999999999
2017,Qtr 3,September,12,0,219.39099999999996,32,491.55000000000007
2017,Qtr 3,September,13,0.2,2.785999999999998,5,15.920000000000002
2017,Qtr 3,September,14,4,474.3417,66,4367.347
2017,Qtr 3,September,15,2.1999999999999997,1934.9693,110,7285.026
2017,Qtr 3,September,16,2.8,-335.6625999999999,34,849.6500000000001
2017,Qtr 3,September,17,2.1,769.2717000000001,59,4979.226000000001
2017,Qtr 3,September,18,0.8,501.5420999999999,73,1511.9300000000003
2017,Qtr 3,September,19,3.5,53.989900000000034,51,1648.1880000000003
2017,Qtr 3,September,20,0.6,1571.7964000000002,52,7359.918000000001
2017,Qtr 3,September,21,1.4,97.2069,23,338.1720000000001
2017,Qtr 3,September,22,2.3,-145.57789999999983,91,7871.213000000002
2017,Qtr 3,September,23,3.6999999999999993,115.18559999999994,65,2395.7860000000005
2017,Qtr 3,September,24,2.7999999999999994,1000.4615000000001,92,6450.462000000001
2017,Qtr 3,September,25,1.6,228.99779999999998,52,1412.213
2017,Qtr 3,September,26,0.8,314.90229999999997,26,1486.576
2017,Qtr 3,September,28,2.8,-46.377900000000004,21,559.271
2017,Qtr 3,September,29,3.0999999999999996,39.56069999999988,67,1944.0799999999997
2017,Qtr 3,September,30,1,207.35469999999998,27,540.7599999999999
2017,Qtr 4,October,1,1.2,1013.073,64,2978.4660000000003
2017,Qtr 4,October,2,6.6000000000000005,-1095.5167000000001,116,5418.022000000001
2017,Qtr 4,October,3,0.8,943.3932,30,2504.48
2017,Qtr 4,October,4,0,8.591400000000002,1,19.98
2017,Qtr 4,October,5,1.5,1475.2476999999997,55,6684.615999999999
2017,Qtr 4,October,6,0.6000000000000001,348.3229999999999,29,1499.652
2017,Qtr 4,October,7,3.05,218.44049999999976,53,2749.21
2017,Qtr 4,October,8,0.30000000000000004,148.03350000000003,12,608.356
2017,Qtr 4,October,9,2.5,-467.13810000000024,45,1496.589
2017,Qtr 4,October,10,0.3,-47.8716,3,239.358
2017,Qtr 4,October,12,2,526.1516999999999,78,5635.354000000001
2017,Qtr 4,October,13,2.8000000000000003,2553.2419,62,8405.802000000001
2017,Qtr 4,October,14,1.6,-28.57020000000003,23,134.332
2017,Qtr 4,October,15,0.2,230.1392,28,1017.94
2017,Qtr 4,October,16,1.5,-1100.3811,39,3473.597
2017,Qtr 4,October,17,0.2,23.0989,9,126.352
2017,Qtr 4,October,19,3.92,-1430.7904,57,2781.8702000000003
2017,Qtr 4,October,20,2.1999999999999997,135.7558999999999,42,1333.8580000000002
2017,Qtr 4,October,21,4.4,444.7590999999999,58,4537.201000000003
2017,Qtr 4,October,22,2.2,4539.826599999999,49,15158.877000000002
2017,Qtr 4,October,23,3.3999999999999995,82.32130000000001,66,3352.3939999999993
2017,Qtr 4,October,24,0.3,-76.05050000000003,9,529.085
2017,Qtr 4,October,26,2.6,107.72749999999996,38,999.868
2017,Qtr 4,October,27,2.8499999999999996,103.8625,38,1086.32
2017,Qtr 4,October,28,1.2,36.10569999999998,20,408.726
2017,Qtr 4,October,29,0,22.5408,8,46.96
2017,Qtr 4,October,30,3.0999999999999996,518.9912999999998,92,4025.7300000000005
2017,Qtr 4,October,31,0.6000000000000001,41.96940000000001,9,523.9280000000001
2017,Qtr 4,November,1,0.2,358.89690000000013,25,2921.4299999999994
2017,Qtr 4,November,2,1.9,929.1536,105,6294.3859999999995
2017,Qtr 4,November,3,3.5999999999999996,675.2008000000001,86,4536.937000000001
2017,Qtr 4,November,4,6,-3987.242199999999,58,10668.096
2017,Qtr 4,November,5,2.8,525.4202,62,2355.0640000000003
2017,Qtr 4,November,6,4.499999999999999,562.9597999999997,91,4288.750000000001
2017,Qtr 4,November,7,1.2000000000000002,119.6416000000001,50,2413.3779999999997
2017,Qtr 4,November,8,0,145.392,15,384.1
2017,Qtr 4,November,9,0.8,1219.0434999999995,48,4751.492
2017,Qtr 4,November,10,4.1,-111.13020000000023,64,4007.548
2017,Qtr 4,November,11,2,283.2475999999998,54,1815.2179999999998
2017,Qtr 4,November,12,5.800000000000001,-37.835000000000086,94,2911.386
2017,Qtr 4,November,13,4.32,-398.4248,103,6633.420200000002
2017,Qtr 4,November,14,2.6999999999999997,31.053600000000003,45,834.6579999999999
2017,Qtr 4,November,15,0.4,55.01600000000001,8,559.2
2017,Qtr 4,November,16,1.9,539.0092999999996,68,4755.234
2017,Qtr 4,November,17,2.02,5895.3981,64,13694.882799999998
2017,Qtr 4,November,18,2.8,253.80809999999997,83,1469.756
2017,Qtr 4,November,19,5.799999999999999,-1659.0309000000007,114,7397.272
2017,Qtr 4,November,20,1.5999999999999999,555.2367999999999,68,2988.2739999999994
2017,Qtr 4,November,21,1.4,301.3297999999999,41,2236.184
2017,Qtr 4,November,22,0.2,2.2319999999999958,8,35.712
2017,Qtr 4,November,23,4.3999999999999995,213.48730000000006,59,1153.1090000000002
2017,Qtr 4,November,24,4.8,935.9258,110,4959.641
2017,Qtr 4,November,25,2.05,-58.567799999999835,55,3666.157
2017,Qtr 4,November,26,1.8000000000000003,1251.3573999999994,69,5048.172000000001
2017,Qtr 4,November,27,1,643.252,61,1618.254
2017,Qtr 4,November,28,1.4,328.9201999999999,65,6912.944000000001
2017,Qtr 4,November,29,0.4,67.83099999999996,7,491.88800000000003
2017,Qtr 4,November,30,2,49.52119999999945,60,6645.282
2017,Qtr 4,December,1,5.2,718.8919999999998,149,5331.178000000001
2017,Qtr 4,December,2,7.9,-7.3409999999995375,152,9951.181999999999
2017,Qtr 4,December,3,4.1,280.74069999999995,70,1403.842
2017,Qtr 4,December,4,3.1999999999999993,-21.988100000000173,64,2639.6380000000004
2017,Qtr 4,December,5,1.2,447.62350000000015,75,1453.1360000000002
2017,Qtr 4,December,6,0,2.8836000000000004,1,10.68
2017,Qtr 4,December,7,1.6,-2686.6673000000005,36,2916.514
2017,Qtr 4,December,8,2.05,1154.6045000000001,114,7643.040999999998
2017,Qtr 4,December,9,4.75,1487.1417999999994,120,5470.389999999998
2017,Qtr 4,December,10,2.3,715.5695999999997,70,3873.5590000000007
2017,Qtr 4,December,11,3.8499999999999996,-82.4089,63,2823.965
2017,Qtr 4,December,13,0.2,99.21539999999996,25,580.9359999999999
2017,Qtr 4,December,14,3.4,215.25000000000017,74,3897.7139999999995
2017,Qtr 4,December,15,0.4,52.59459999999999,20,306.88800000000003
2017,Qtr 4,December,16,1,171.2212,47,858.7020000000001
2017,Qtr 4,December,17,1.4000000000000001,303.0904999999999,38,2027.7579999999998
2017,Qtr 4,December,18,2.15,840.8156999999999,86,3645.911
2017,Qtr 4,December,19,1.3,-152.45959999999988,18,1895.926
2017,Qtr 4,December,20,0.4,176.91150000000002,13,377.736
2017,Qtr 4,December,21,0,570.7614999999998,38,2140.94
2017,Qtr 4,December,22,4.3999999999999995,957.1226999999997,100,7442.020999999997
2017,Qtr 4,December,23,2.6,284.0977999999999,63,1926.776
2017,Qtr 4,December,24,1.7,1568.2396999999999,54,6233.054000000001
2017,Qtr 4,December,25,5.6,359.20029999999986,87,2698.9270000000006
2017,Qtr 4,December,26,0.8999999999999999,61.12019999999998,12,814.5939999999999
2017,Qtr 4,December,27,0.6000000000000001,-31.974200000000003,6,177.636
2017,Qtr 4,December,28,4.12,253.1187999999999,64,1657.3508000000002
2017,Qtr 4,December,29,0.4,644.4338,41,2915.5340000000006
2017,Qtr 4,December,30,1,101.53649999999995,23,713.79