T LG.Category,T SankeyT3.Region,U ChartWizard.Group,Measure.Average Sale,Measure.Average Sale by Quarter,Measure.Average Sale by Region,Measure.Average Sale by Sub-Cat
A,Africa,Area,367.20236311645453,2203948.5834249775,2203948.5834249933,518576.13727647014
A,Africa,Bubble/Scatter,367.20236311645453,2203948.5834249775,2203948.5834249933,518576.13727647014
A,Africa,Bullet,367.20236311645453,2203948.5834249775,2203948.5834249933,518576.13727647014
A,Africa,Column,367.20236311645453,2203948.5834249775,2203948.5834249933,518576.13727647014
A,Africa,Combo,367.20236311645453,2203948.5834249775,2203948.5834249933,518576.13727647014
A,Africa,Distribution,367.20236311645453,2203948.5834249775,2203948.5834249933,518576.13727647014
A,Africa,Flow,367.20236311645453,2203948.5834249775,2203948.5834249933,518576.13727647014
A,Africa,Funnel,367.20236311645453,2203948.5834249775,2203948.5834249933,518576.13727647014
A,Africa,Gauge,367.20236311645453,2203948.5834249775,2203948.5834249933,518576.13727647014
A,Africa,Hierarchy,367.20236311645453,2203948.5834249775,2203948.5834249933,518576.13727647014
A,Africa,Line,367.20236311645453,2203948.5834249775,2203948.5834249933,518576.13727647014
A,Africa,Marimekko,367.20236311645453,2203948.5834249775,2203948.5834249933,518576.13727647014
A,Africa,New,367.20236311645453,2203948.5834249775,2203948.5834249933,518576.13727647014
A,Africa,Pie/Donut,367.20236311645453,2203948.5834249775,2203948.5834249933,518576.13727647014
A,Africa,Radar/Polar,367.20236311645453,2203948.5834249775,2203948.5834249933,518576.13727647014
A,Africa,Special Charts,367.20236311645453,2203948.5834249775,2203948.5834249933,518576.13727647014
A,Africa,Waterfall,367.20236311645453,2203948.5834249775,2203948.5834249933,518576.13727647014
A,Asia,Area,367.20236311645453,2203948.5834249775,2203948.5834249933,518576.13727647014
A,Asia,Bubble/Scatter,367.20236311645453,2203948.5834249775,2203948.5834249933,518576.13727647014
A,Asia,Bullet,367.20236311645453,2203948.5834249775,2203948.5834249933,518576.13727647014
A,Asia,Column,367.20236311645453,2203948.5834249775,2203948.5834249933,518576.13727647014
A,Asia,Combo,367.20236311645453,2203948.5834249775,2203948.5834249933,518576.13727647014
A,Asia,Distribution,367.20236311645453,2203948.5834249775,2203948.5834249933,518576.13727647014
A,Asia,Flow,367.20236311645453,2203948.5834249775,2203948.5834249933,518576.13727647014
A,Asia,Funnel,367.20236311645453,2203948.5834249775,2203948.5834249933,518576.13727647014
A,Asia,Gauge,367.20236311645453,2203948.5834249775,2203948.5834249933,518576.13727647014
A,Asia,Hierarchy,367.20236311645453,2203948.5834249775,2203948.5834249933,518576.13727647014
A,Asia,Line,367.20236311645453,2203948.5834249775,2203948.5834249933,518576.13727647014
A,Asia,Marimekko,367.20236311645453,2203948.5834249775,2203948.5834249933,518576.13727647014
A,Asia,New,367.20236311645453,2203948.5834249775,2203948.5834249933,518576.13727647014
A,Asia,Pie/Donut,367.20236311645453,2203948.5834249775,2203948.5834249933,518576.13727647014
A,Asia,Radar/Polar,367.20236311645453,2203948.5834249775,2203948.5834249933,518576.13727647014
A,Asia,Special Charts,367.20236311645453,2203948.5834249775,2203948.5834249933,518576.13727647014
A,Asia,Waterfall,367.20236311645453,2203948.5834249775,2203948.5834249933,518576.13727647014
A,Australia,Area,367.20236311645453,2203948.5834249775,2203948.5834249933,518576.13727647014
A,Australia,Bubble/Scatter,367.20236311645453,2203948.5834249775,2203948.5834249933,518576.13727647014
A,Australia,Bullet,367.20236311645453,2203948.5834249775,2203948.5834249933,518576.13727647014
A,Australia,Column,367.20236311645453,2203948.5834249775,2203948.5834249933,518576.13727647014
A,Australia,Combo,367.20236311645453,2203948.5834249775,2203948.5834249933,518576.13727647014
A,Australia,Distribution,367.20236311645453,2203948.5834249775,2203948.5834249933,518576.13727647014
A,Australia,Flow,367.20236311645453,2203948.5834249775,2203948.5834249933,518576.13727647014
A,Australia,Funnel,367.20236311645453,2203948.5834249775,2203948.5834249933,518576.13727647014
A,Australia,Gauge,367.20236311645453,2203948.5834249775,2203948.5834249933,518576.13727647014
A,Australia,Hierarchy,367.20236311645453,2203948.5834249775,2203948.5834249933,518576.13727647014
A,Australia,Line,367.20236311645453,2203948.5834249775,2203948.5834249933,518576.13727647014
A,Australia,Marimekko,367.20236311645453,2203948.5834249775,2203948.5834249933,518576.13727647014
A,Australia,New,367.20236311645453,2203948.5834249775,2203948.5834249933,518576.13727647014
A,Australia,Pie/Donut,367.20236311645453,2203948.5834249775,2203948.5834249933,518576.13727647014
A,Australia,Radar/Polar,367.20236311645453,2203948.5834249775,2203948.5834249933,518576.13727647014
A,Australia,Special Charts,367.20236311645453,2203948.5834249775,2203948.5834249933,518576.13727647014
A,Australia,Waterfall,367.20236311645453,2203948.5834249775,2203948.5834249933,518576.13727647014
A,Europe,Area,367.20236311645453,2203948.5834249775,2203948.5834249933,518576.13727647014
A,Europe,Bubble/Scatter,367.20236311645453,2203948.5834249775,2203948.5834249933,518576.13727647014
A,Europe,Bullet,367.20236311645453,2203948.5834249775,2203948.5834249933,518576.13727647014
A,Europe,Column,367.20236311645453,2203948.5834249775,2203948.5834249933,518576.13727647014
A,Europe,Combo,367.20236311645453,2203948.5834249775,2203948.5834249933,518576.13727647014
A,Europe,Distribution,367.20236311645453,2203948.5834249775,2203948.5834249933,518576.13727647014
A,Europe,Flow,367.20236311645453,2203948.5834249775,2203948.5834249933,518576.13727647014
A,Europe,Funnel,367.20236311645453,2203948.5834249775,2203948.5834249933,518576.13727647014
A,Europe,Gauge,367.20236311645453,2203948.5834249775,2203948.5834249933,518576.13727647014
A,Europe,Hierarchy,367.20236311645453,2203948.5834249775,2203948.5834249933,518576.13727647014
A,Europe,Line,367.20236311645453,2203948.5834249775,2203948.5834249933,518576.13727647014
A,Europe,Marimekko,367.20236311645453,2203948.5834249775,2203948.5834249933,518576.13727647014
A,Europe,New,367.20236311645453,2203948.5834249775,2203948.5834249933,518576.13727647014
A,Europe,Pie/Donut,367.20236311645453,2203948.5834249775,2203948.5834249933,518576.13727647014
A,Europe,Radar/Polar,367.20236311645453,2203948.5834249775,2203948.5834249933,518576.13727647014
A,Europe,Special Charts,367.20236311645453,2203948.5834249775,2203948.5834249933,518576.13727647014
A,Europe,Waterfall,367.20236311645453,2203948.5834249775,2203948.5834249933,518576.13727647014
A,North America,Area,367.20236311645453,2203948.5834249775,2203948.5834249933,518576.13727647014
A,North America,Bubble/Scatter,367.20236311645453,2203948.5834249775,2203948.5834249933,518576.13727647014
A,North America,Bullet,367.20236311645453,2203948.5834249775,2203948.5834249933,518576.13727647014
A,North America,Column,367.20236311645453,2203948.5834249775,2203948.5834249933,518576.13727647014
A,North America,Combo,367.20236311645453,2203948.5834249775,2203948.5834249933,518576.13727647014
A,North America,Distribution,367.20236311645453,2203948.5834249775,2203948.5834249933,518576.13727647014
A,North America,Flow,367.20236311645453,2203948.5834249775,2203948.5834249933,518576.13727647014
A,North America,Funnel,367.20236311645453,2203948.5834249775,2203948.5834249933,518576.13727647014
A,North America,Gauge,367.20236311645453,2203948.5834249775,2203948.5834249933,518576.13727647014
A,North America,Hierarchy,367.20236311645453,2203948.5834249775,2203948.5834249933,518576.13727647014
A,North America,Line,367.20236311645453,2203948.5834249775,2203948.5834249933,518576.13727647014
A,North America,Marimekko,367.20236311645453,2203948.5834249775,2203948.5834249933,518576.13727647014
A,North America,New,367.20236311645453,2203948.5834249775,2203948.5834249933,518576.13727647014
A,North America,Pie/Donut,367.20236311645453,2203948.5834249775,2203948.5834249933,518576.13727647014
A,North America,Radar/Polar,367.20236311645453,2203948.5834249775,2203948.5834249933,518576.13727647014
A,North America,Special Charts,367.20236311645453,2203948.5834249775,2203948.5834249933,518576.13727647014
A,North America,Waterfall,367.20236311645453,2203948.5834249775,2203948.5834249933,518576.13727647014
A,South America,Area,367.20236311645453,2203948.5834249775,2203948.5834249933,518576.13727647014
A,South America,Bubble/Scatter,367.20236311645453,2203948.5834249775,2203948.5834249933,518576.13727647014
A,South America,Bullet,367.20236311645453,2203948.5834249775,2203948.5834249933,518576.13727647014
A,South America,Column,367.20236311645453,2203948.5834249775,2203948.5834249933,518576.13727647014
A,South America,Combo,367.20236311645453,2203948.5834249775,2203948.5834249933,518576.13727647014
A,South America,Distribution,367.20236311645453,2203948.5834249775,2203948.5834249933,518576.13727647014
A,South America,Flow,367.20236311645453,2203948.5834249775,2203948.5834249933,518576.13727647014
A,South America,Funnel,367.20236311645453,2203948.5834249775,2203948.5834249933,518576.13727647014
A,South America,Gauge,367.20236311645453,2203948.5834249775,2203948.5834249933,518576.13727647014
A,South America,Hierarchy,367.20236311645453,2203948.5834249775,2203948.5834249933,518576.13727647014
A,South America,Line,367.20236311645453,2203948.5834249775,2203948.5834249933,518576.13727647014
A,South America,Marimekko,367.20236311645453,2203948.5834249775,2203948.5834249933,518576.13727647014
A,South America,New,367.20236311645453,2203948.5834249775,2203948.5834249933,518576.13727647014
A,South America,Pie/Donut,367.20236311645453,2203948.5834249775,2203948.5834249933,518576.13727647014
A,South America,Radar/Polar,367.20236311645453,2203948.5834249775,2203948.5834249933,518576.13727647014
A,South America,Special Charts,367.20236311645453,2203948.5834249775,2203948.5834249933,518576.13727647014
A,South America,Waterfall,367.20236311645453,2203948.5834249775,2203948.5834249933,518576.13727647014
B,Africa,Area,367.20236311645453,2203948.5834249775,2203948.5834249933,518576.13727647014
B,Africa,Bubble/Scatter,367.20236311645453,2203948.5834249775,2203948.5834249933,518576.13727647014
B,Africa,Bullet,367.20236311645453,2203948.5834249775,2203948.5834249933,518576.13727647014
B,Africa,Column,367.20236311645453,2203948.5834249775,2203948.5834249933,518576.13727647014
B,Africa,Combo,367.20236311645453,2203948.5834249775,2203948.5834249933,518576.13727647014
B,Africa,Distribution,367.20236311645453,2203948.5834249775,2203948.5834249933,518576.13727647014
B,Africa,Flow,367.20236311645453,2203948.5834249775,2203948.5834249933,518576.13727647014
B,Africa,Funnel,367.20236311645453,2203948.5834249775,2203948.5834249933,518576.13727647014
B,Africa,Gauge,367.20236311645453,2203948.5834249775,2203948.5834249933,518576.13727647014
B,Africa,Hierarchy,367.20236311645453,2203948.5834249775,2203948.5834249933,518576.13727647014
B,Africa,Line,367.20236311645453,2203948.5834249775,2203948.5834249933,518576.13727647014
B,Africa,Marimekko,367.20236311645453,2203948.5834249775,2203948.5834249933,518576.13727647014
B,Africa,New,367.20236311645453,2203948.5834249775,2203948.5834249933,518576.13727647014
B,Africa,Pie/Donut,367.20236311645453,2203948.5834249775,2203948.5834249933,518576.13727647014
B,Africa,Radar/Polar,367.20236311645453,2203948.5834249775,2203948.5834249933,518576.13727647014
B,Africa,Special Charts,367.20236311645453,2203948.5834249775,2203948.5834249933,518576.13727647014
B,Africa,Waterfall,367.20236311645453,2203948.5834249775,2203948.5834249933,518576.13727647014
B,Asia,Area,367.20236311645453,2203948.5834249775,2203948.5834249933,518576.13727647014
B,Asia,Bubble/Scatter,367.20236311645453,2203948.5834249775,2203948.5834249933,518576.13727647014
B,Asia,Bullet,367.20236311645453,2203948.5834249775,2203948.5834249933,518576.13727647014
B,Asia,Column,367.20236311645453,2203948.5834249775,2203948.5834249933,518576.13727647014
B,Asia,Combo,367.20236311645453,2203948.5834249775,2203948.5834249933,518576.13727647014
B,Asia,Distribution,367.20236311645453,2203948.5834249775,2203948.5834249933,518576.13727647014
B,Asia,Flow,367.20236311645453,2203948.5834249775,2203948.5834249933,518576.13727647014
B,Asia,Funnel,367.20236311645453,2203948.5834249775,2203948.5834249933,518576.13727647014
B,Asia,Gauge,367.20236311645453,2203948.5834249775,2203948.5834249933,518576.13727647014
B,Asia,Hierarchy,367.20236311645453,2203948.5834249775,2203948.5834249933,518576.13727647014
B,Asia,Line,367.20236311645453,2203948.5834249775,2203948.5834249933,518576.13727647014
B,Asia,Marimekko,367.20236311645453,2203948.5834249775,2203948.5834249933,518576.13727647014
B,Asia,New,367.20236311645453,2203948.5834249775,2203948.5834249933,518576.13727647014
B,Asia,Pie/Donut,367.20236311645453,2203948.5834249775,2203948.5834249933,518576.13727647014
B,Asia,Radar/Polar,367.20236311645453,2203948.5834249775,2203948.5834249933,518576.13727647014
B,Asia,Special Charts,367.20236311645453,2203948.5834249775,2203948.5834249933,518576.13727647014
B,Asia,Waterfall,367.20236311645453,2203948.5834249775,2203948.5834249933,518576.13727647014
B,Australia,Area,367.20236311645453,2203948.5834249775,2203948.5834249933,518576.13727647014
B,Australia,Bubble/Scatter,367.20236311645453,2203948.5834249775,2203948.5834249933,518576.13727647014
B,Australia,Bullet,367.20236311645453,2203948.5834249775,2203948.5834249933,518576.13727647014
B,Australia,Column,367.20236311645453,2203948.5834249775,2203948.5834249933,518576.13727647014
B,Australia,Combo,367.20236311645453,2203948.5834249775,2203948.5834249933,518576.13727647014
B,Australia,Distribution,367.20236311645453,2203948.5834249775,2203948.5834249933,518576.13727647014
B,Australia,Flow,367.20236311645453,2203948.5834249775,2203948.5834249933,518576.13727647014
B,Australia,Funnel,367.20236311645453,2203948.5834249775,2203948.5834249933,518576.13727647014
B,Australia,Gauge,367.20236311645453,2203948.5834249775,2203948.5834249933,518576.13727647014
B,Australia,Hierarchy,367.20236311645453,2203948.5834249775,2203948.5834249933,518576.13727647014
B,Australia,Line,367.20236311645453,2203948.5834249775,2203948.5834249933,518576.13727647014
B,Australia,Marimekko,367.20236311645453,2203948.5834249775,2203948.5834249933,518576.13727647014
B,Australia,New,367.20236311645453,2203948.5834249775,2203948.5834249933,518576.13727647014
B,Australia,Pie/Donut,367.20236311645453,2203948.5834249775,2203948.5834249933,518576.13727647014
B,Australia,Radar/Polar,367.20236311645453,2203948.5834249775,2203948.5834249933,518576.13727647014
B,Australia,Special Charts,367.20236311645453,2203948.5834249775,2203948.5834249933,518576.13727647014
B,Australia,Waterfall,367.20236311645453,2203948.5834249775,2203948.5834249933,518576.13727647014
B,Europe,Area,367.20236311645453,2203948.5834249775,2203948.5834249933,518576.13727647014
B,Europe,Bubble/Scatter,367.20236311645453,2203948.5834249775,2203948.5834249933,518576.13727647014
B,Europe,Bullet,367.20236311645453,2203948.5834249775,2203948.5834249933,518576.13727647014
B,Europe,Column,367.20236311645453,2203948.5834249775,2203948.5834249933,518576.13727647014
B,Europe,Combo,367.20236311645453,2203948.5834249775,2203948.5834249933,518576.13727647014
B,Europe,Distribution,367.20236311645453,2203948.5834249775,2203948.5834249933,518576.13727647014
B,Europe,Flow,367.20236311645453,2203948.5834249775,2203948.5834249933,518576.13727647014
B,Europe,Funnel,367.20236311645453,2203948.5834249775,2203948.5834249933,518576.13727647014
B,Europe,Gauge,367.20236311645453,2203948.5834249775,2203948.5834249933,518576.13727647014
B,Europe,Hierarchy,367.20236311645453,2203948.5834249775,2203948.5834249933,518576.13727647014
B,Europe,Line,367.20236311645453,2203948.5834249775,2203948.5834249933,518576.13727647014
B,Europe,Marimekko,367.20236311645453,2203948.5834249775,2203948.5834249933,518576.13727647014
B,Europe,New,367.20236311645453,2203948.5834249775,2203948.5834249933,518576.13727647014
B,Europe,Pie/Donut,367.20236311645453,2203948.5834249775,2203948.5834249933,518576.13727647014
B,Europe,Radar/Polar,367.20236311645453,2203948.5834249775,2203948.5834249933,518576.13727647014
B,Europe,Special Charts,367.20236311645453,2203948.5834249775,2203948.5834249933,518576.13727647014
B,Europe,Waterfall,367.20236311645453,2203948.5834249775,2203948.5834249933,518576.13727647014
B,North America,Area,367.20236311645453,2203948.5834249775,2203948.5834249933,518576.13727647014
B,North America,Bubble/Scatter,367.20236311645453,2203948.5834249775,2203948.5834249933,518576.13727647014
B,North America,Bullet,367.20236311645453,2203948.5834249775,2203948.5834249933,518576.13727647014
B,North America,Column,367.20236311645453,2203948.5834249775,2203948.5834249933,518576.13727647014
B,North America,Combo,367.20236311645453,2203948.5834249775,2203948.5834249933,518576.13727647014
B,North America,Distribution,367.20236311645453,2203948.5834249775,2203948.5834249933,518576.13727647014
B,North America,Flow,367.20236311645453,2203948.5834249775,2203948.5834249933,518576.13727647014
B,North America,Funnel,367.20236311645453,2203948.5834249775,2203948.5834249933,518576.13727647014
B,North America,Gauge,367.20236311645453,2203948.5834249775,2203948.5834249933,518576.13727647014
B,North America,Hierarchy,367.20236311645453,2203948.5834249775,2203948.5834249933,518576.13727647014
B,North America,Line,367.20236311645453,2203948.5834249775,2203948.5834249933,518576.13727647014
B,North America,Marimekko,367.20236311645453,2203948.5834249775,2203948.5834249933,518576.13727647014
B,North America,New,367.20236311645453,2203948.5834249775,2203948.5834249933,518576.13727647014
B,North America,Pie/Donut,367.20236311645453,2203948.5834249775,2203948.5834249933,518576.13727647014
B,North America,Radar/Polar,367.20236311645453,2203948.5834249775,2203948.5834249933,518576.13727647014
B,North America,Special Charts,367.20236311645453,2203948.5834249775,2203948.5834249933,518576.13727647014
B,North America,Waterfall,367.20236311645453,2203948.5834249775,2203948.5834249933,518576.13727647014
B,South America,Area,367.20236311645453,2203948.5834249775,2203948.5834249933,518576.13727647014
B,South America,Bubble/Scatter,367.20236311645453,2203948.5834249775,2203948.5834249933,518576.13727647014
B,South America,Bullet,367.20236311645453,2203948.5834249775,2203948.5834249933,518576.13727647014
B,South America,Column,367.20236311645453,2203948.5834249775,2203948.5834249933,518576.13727647014
B,South America,Combo,367.20236311645453,2203948.5834249775,2203948.5834249933,518576.13727647014
B,South America,Distribution,367.20236311645453,2203948.5834249775,2203948.5834249933,518576.13727647014
B,South America,Flow,367.20236311645453,2203948.5834249775,2203948.5834249933,518576.13727647014
B,South America,Funnel,367.20236311645453,2203948.5834249775,2203948.5834249933,518576.13727647014
B,South America,Gauge,367.20236311645453,2203948.5834249775,2203948.5834249933,518576.13727647014
B,South America,Hierarchy,367.20236311645453,2203948.5834249775,2203948.5834249933,518576.13727647014
B,South America,Line,367.20236311645453,2203948.5834249775,2203948.5834249933,518576.13727647014
B,South America,Marimekko,367.20236311645453,2203948.5834249775,2203948.5834249933,518576.13727647014
B,South America,New,367.20236311645453,2203948.5834249775,2203948.5834249933,518576.13727647014
B,South America,Pie/Donut,367.20236311645453,2203948.5834249775,2203948.5834249933,518576.13727647014
B,South America,Radar/Polar,367.20236311645453,2203948.5834249775,2203948.5834249933,518576.13727647014
B,South America,Special Charts,367.20236311645453,2203948.5834249775,2203948.5834249933,518576.13727647014
B,South America,Waterfall,367.20236311645453,2203948.5834249775,2203948.5834249933,518576.13727647014
C,Africa,Area,367.20236311645453,2203948.5834249775,2203948.5834249933,518576.13727647014
C,Africa,Bubble/Scatter,367.20236311645453,2203948.5834249775,2203948.5834249933,518576.13727647014
C,Africa,Bullet,367.20236311645453,2203948.5834249775,2203948.5834249933,518576.13727647014
C,Africa,Column,367.20236311645453,2203948.5834249775,2203948.5834249933,518576.13727647014
C,Africa,Combo,367.20236311645453,2203948.5834249775,2203948.5834249933,518576.13727647014
C,Africa,Distribution,367.20236311645453,2203948.5834249775,2203948.5834249933,518576.13727647014
C,Africa,Flow,367.20236311645453,2203948.5834249775,2203948.5834249933,518576.13727647014
C,Africa,Funnel,367.20236311645453,2203948.5834249775,2203948.5834249933,518576.13727647014
C,Africa,Gauge,367.20236311645453,2203948.5834249775,2203948.5834249933,518576.13727647014
C,Africa,Hierarchy,367.20236311645453,2203948.5834249775,2203948.5834249933,518576.13727647014
C,Africa,Line,367.20236311645453,2203948.5834249775,2203948.5834249933,518576.13727647014
C,Africa,Marimekko,367.20236311645453,2203948.5834249775,2203948.5834249933,518576.13727647014
C,Africa,New,367.20236311645453,2203948.5834249775,2203948.5834249933,518576.13727647014
C,Africa,Pie/Donut,367.20236311645453,2203948.5834249775,2203948.5834249933,518576.13727647014
C,Africa,Radar/Polar,367.20236311645453,2203948.5834249775,2203948.5834249933,518576.13727647014
C,Africa,Special Charts,367.20236311645453,2203948.5834249775,2203948.5834249933,518576.13727647014
C,Africa,Waterfall,367.20236311645453,2203948.5834249775,2203948.5834249933,518576.13727647014
C,Asia,Area,367.20236311645453,2203948.5834249775,2203948.5834249933,518576.13727647014
C,Asia,Bubble/Scatter,367.20236311645453,2203948.5834249775,2203948.5834249933,518576.13727647014
C,Asia,Bullet,367.20236311645453,2203948.5834249775,2203948.5834249933,518576.13727647014
C,Asia,Column,367.20236311645453,2203948.5834249775,2203948.5834249933,518576.13727647014
C,Asia,Combo,367.20236311645453,2203948.5834249775,2203948.5834249933,518576.13727647014
C,Asia,Distribution,367.20236311645453,2203948.5834249775,2203948.5834249933,518576.13727647014
C,Asia,Flow,367.20236311645453,2203948.5834249775,2203948.5834249933,518576.13727647014
C,Asia,Funnel,367.20236311645453,2203948.5834249775,2203948.5834249933,518576.13727647014
C,Asia,Gauge,367.20236311645453,2203948.5834249775,2203948.5834249933,518576.13727647014
C,Asia,Hierarchy,367.20236311645453,2203948.5834249775,2203948.5834249933,518576.13727647014
C,Asia,Line,367.20236311645453,2203948.5834249775,2203948.5834249933,518576.13727647014
C,Asia,Marimekko,367.20236311645453,2203948.5834249775,2203948.5834249933,518576.13727647014
C,Asia,New,367.20236311645453,2203948.5834249775,2203948.5834249933,518576.13727647014
C,Asia,Pie/Donut,367.20236311645453,2203948.5834249775,2203948.5834249933,518576.13727647014
C,Asia,Radar/Polar,367.20236311645453,2203948.5834249775,2203948.5834249933,518576.13727647014
C,Asia,Special Charts,367.20236311645453,2203948.5834249775,2203948.5834249933,518576.13727647014
C,Asia,Waterfall,367.20236311645453,2203948.5834249775,2203948.5834249933,518576.13727647014
C,Australia,Area,367.20236311645453,2203948.5834249775,2203948.5834249933,518576.13727647014
C,Australia,Bubble/Scatter,367.20236311645453,2203948.5834249775,2203948.5834249933,518576.13727647014
C,Australia,Bullet,367.20236311645453,2203948.5834249775,2203948.5834249933,518576.13727647014
C,Australia,Column,367.20236311645453,2203948.5834249775,2203948.5834249933,518576.13727647014
C,Australia,Combo,367.20236311645453,2203948.5834249775,2203948.5834249933,518576.13727647014
C,Australia,Distribution,367.20236311645453,2203948.5834249775,2203948.5834249933,518576.13727647014
C,Australia,Flow,367.20236311645453,2203948.5834249775,2203948.5834249933,518576.13727647014
C,Australia,Funnel,367.20236311645453,2203948.5834249775,2203948.5834249933,518576.13727647014
C,Australia,Gauge,367.20236311645453,2203948.5834249775,2203948.5834249933,518576.13727647014
C,Australia,Hierarchy,367.20236311645453,2203948.5834249775,2203948.5834249933,518576.13727647014
C,Australia,Line,367.20236311645453,2203948.5834249775,2203948.5834249933,518576.13727647014
C,Australia,Marimekko,367.20236311645453,2203948.5834249775,2203948.5834249933,518576.13727647014
C,Australia,New,367.20236311645453,2203948.5834249775,2203948.5834249933,518576.13727647014
C,Australia,Pie/Donut,367.20236311645453,2203948.5834249775,2203948.5834249933,518576.13727647014
C,Australia,Radar/Polar,367.20236311645453,2203948.5834249775,2203948.5834249933,518576.13727647014
C,Australia,Special Charts,367.20236311645453,2203948.5834249775,2203948.5834249933,518576.13727647014
C,Australia,Waterfall,367.20236311645453,2203948.5834249775,2203948.5834249933,518576.13727647014
C,Europe,Area,367.20236311645453,2203948.5834249775,2203948.5834249933,518576.13727647014
C,Europe,Bubble/Scatter,367.20236311645453,2203948.5834249775,2203948.5834249933,518576.13727647014
C,Europe,Bullet,367.20236311645453,2203948.5834249775,2203948.5834249933,518576.13727647014
C,Europe,Column,367.20236311645453,2203948.5834249775,2203948.5834249933,518576.13727647014
C,Europe,Combo,367.20236311645453,2203948.5834249775,2203948.5834249933,518576.13727647014
C,Europe,Distribution,367.20236311645453,2203948.5834249775,2203948.5834249933,518576.13727647014
C,Europe,Flow,367.20236311645453,2203948.5834249775,2203948.5834249933,518576.13727647014
C,Europe,Funnel,367.20236311645453,2203948.5834249775,2203948.5834249933,518576.13727647014
C,Europe,Gauge,367.20236311645453,2203948.5834249775,2203948.5834249933,518576.13727647014
C,Europe,Hierarchy,367.20236311645453,2203948.5834249775,2203948.5834249933,518576.13727647014
C,Europe,Line,367.20236311645453,2203948.5834249775,2203948.5834249933,518576.13727647014
C,Europe,Marimekko,367.20236311645453,2203948.5834249775,2203948.5834249933,518576.13727647014
C,Europe,New,367.20236311645453,2203948.5834249775,2203948.5834249933,518576.13727647014
C,Europe,Pie/Donut,367.20236311645453,2203948.5834249775,2203948.5834249933,518576.13727647014
C,Europe,Radar/Polar,367.20236311645453,2203948.5834249775,2203948.5834249933,518576.13727647014
C,Europe,Special Charts,367.20236311645453,2203948.5834249775,2203948.5834249933,518576.13727647014
C,Europe,Waterfall,367.20236311645453,2203948.5834249775,2203948.5834249933,518576.13727647014
C,North America,Area,367.20236311645453,2203948.5834249775,2203948.5834249933,518576.13727647014
C,North America,Bubble/Scatter,367.20236311645453,2203948.5834249775,2203948.5834249933,518576.13727647014
C,North America,Bullet,367.20236311645453,2203948.5834249775,2203948.5834249933,518576.13727647014
C,North America,Column,367.20236311645453,2203948.5834249775,2203948.5834249933,518576.13727647014
C,North America,Combo,367.20236311645453,2203948.5834249775,2203948.5834249933,518576.13727647014
C,North America,Distribution,367.20236311645453,2203948.5834249775,2203948.5834249933,518576.13727647014
C,North America,Flow,367.20236311645453,2203948.5834249775,2203948.5834249933,518576.13727647014
C,North America,Funnel,367.20236311645453,2203948.5834249775,2203948.5834249933,518576.13727647014
C,North America,Gauge,367.20236311645453,2203948.5834249775,2203948.5834249933,518576.13727647014
C,North America,Hierarchy,367.20236311645453,2203948.5834249775,2203948.5834249933,518576.13727647014
C,North America,Line,367.20236311645453,2203948.5834249775,2203948.5834249933,518576.13727647014
C,North America,Marimekko,367.20236311645453,2203948.5834249775,2203948.5834249933,518576.13727647014
C,North America,New,367.20236311645453,2203948.5834249775,2203948.5834249933,518576.13727647014
C,North America,Pie/Donut,367.20236311645453,2203948.5834249775,2203948.5834249933,518576.13727647014
C,North America,Radar/Polar,367.20236311645453,2203948.5834249775,2203948.5834249933,518576.13727647014
C,North America,Special Charts,367.20236311645453,2203948.5834249775,2203948.5834249933,518576.13727647014
C,North America,Waterfall,367.20236311645453,2203948.5834249775,2203948.5834249933,518576.13727647014
C,South America,Area,367.20236311645453,2203948.5834249775,2203948.5834249933,518576.13727647014
C,South America,Bubble/Scatter,367.20236311645453,2203948.5834249775,2203948.5834249933,518576.13727647014
C,South America,Bullet,367.20236311645453,2203948.5834249775,2203948.5834249933,518576.13727647014
C,South America,Column,367.20236311645453,2203948.5834249775,2203948.5834249933,518576.13727647014
C,South America,Combo,367.20236311645453,2203948.5834249775,2203948.5834249933,518576.13727647014
C,South America,Distribution,367.20236311645453,2203948.5834249775,2203948.5834249933,518576.13727647014
C,South America,Flow,367.20236311645453,2203948.5834249775,2203948.5834249933,518576.13727647014
C,South America,Funnel,367.20236311645453,2203948.5834249775,2203948.5834249933,518576.13727647014
C,South America,Gauge,367.20236311645453,2203948.5834249775,2203948.5834249933,518576.13727647014
C,South America,Hierarchy,367.20236311645453,2203948.5834249775,2203948.5834249933,518576.13727647014
C,South America,Line,367.20236311645453,2203948.5834249775,2203948.5834249933,518576.13727647014
C,South America,Marimekko,367.20236311645453,2203948.5834249775,2203948.5834249933,518576.13727647014
C,South America,New,367.20236311645453,2203948.5834249775,2203948.5834249933,518576.13727647014
C,South America,Pie/Donut,367.20236311645453,2203948.5834249775,2203948.5834249933,518576.13727647014
C,South America,Radar/Polar,367.20236311645453,2203948.5834249775,2203948.5834249933,518576.13727647014
C,South America,Special Charts,367.20236311645453,2203948.5834249775,2203948.5834249933,518576.13727647014
C,South America,Waterfall,367.20236311645453,2203948.5834249775,2203948.5834249933,518576.13727647014
D,Africa,Area,367.20236311645453,2203948.5834249775,2203948.5834249933,518576.13727647014
D,Africa,Bubble/Scatter,367.20236311645453,2203948.5834249775,2203948.5834249933,518576.13727647014
D,Africa,Bullet,367.20236311645453,2203948.5834249775,2203948.5834249933,518576.13727647014
D,Africa,Column,367.20236311645453,2203948.5834249775,2203948.5834249933,518576.13727647014
D,Africa,Combo,367.20236311645453,2203948.5834249775,2203948.5834249933,518576.13727647014
D,Africa,Distribution,367.20236311645453,2203948.5834249775,2203948.5834249933,518576.13727647014
D,Africa,Flow,367.20236311645453,2203948.5834249775,2203948.5834249933,518576.13727647014
D,Africa,Funnel,367.20236311645453,2203948.5834249775,2203948.5834249933,518576.13727647014
D,Africa,Gauge,367.20236311645453,2203948.5834249775,2203948.5834249933,518576.13727647014
D,Africa,Hierarchy,367.20236311645453,2203948.5834249775,2203948.5834249933,518576.13727647014
D,Africa,Line,367.20236311645453,2203948.5834249775,2203948.5834249933,518576.13727647014
D,Africa,Marimekko,367.20236311645453,2203948.5834249775,2203948.5834249933,518576.13727647014
D,Africa,New,367.20236311645453,2203948.5834249775,2203948.5834249933,518576.13727647014
D,Africa,Pie/Donut,367.20236311645453,2203948.5834249775,2203948.5834249933,518576.13727647014
D,Africa,Radar/Polar,367.20236311645453,2203948.5834249775,2203948.5834249933,518576.13727647014
D,Africa,Special Charts,367.20236311645453,2203948.5834249775,2203948.5834249933,518576.13727647014
D,Africa,Waterfall,367.20236311645453,2203948.5834249775,2203948.5834249933,518576.13727647014
D,Asia,Area,367.20236311645453,2203948.5834249775,2203948.5834249933,518576.13727647014
D,Asia,Bubble/Scatter,367.20236311645453,2203948.5834249775,2203948.5834249933,518576.13727647014
D,Asia,Bullet,367.20236311645453,2203948.5834249775,2203948.5834249933,518576.13727647014
D,Asia,Column,367.20236311645453,2203948.5834249775,2203948.5834249933,518576.13727647014
D,Asia,Combo,367.20236311645453,2203948.5834249775,2203948.5834249933,518576.13727647014
D,Asia,Distribution,367.20236311645453,2203948.5834249775,2203948.5834249933,518576.13727647014
D,Asia,Flow,367.20236311645453,2203948.5834249775,2203948.5834249933,518576.13727647014
D,Asia,Funnel,367.20236311645453,2203948.5834249775,2203948.5834249933,518576.13727647014
D,Asia,Gauge,367.20236311645453,2203948.5834249775,2203948.5834249933,518576.13727647014
D,Asia,Hierarchy,367.20236311645453,2203948.5834249775,2203948.5834249933,518576.13727647014
D,Asia,Line,367.20236311645453,2203948.5834249775,2203948.5834249933,518576.13727647014
D,Asia,Marimekko,367.20236311645453,2203948.5834249775,2203948.5834249933,518576.13727647014
D,Asia,New,367.20236311645453,2203948.5834249775,2203948.5834249933,518576.13727647014
D,Asia,Pie/Donut,367.20236311645453,2203948.5834249775,2203948.5834249933,518576.13727647014
D,Asia,Radar/Polar,367.20236311645453,2203948.5834249775,2203948.5834249933,518576.13727647014
D,Asia,Special Charts,367.20236311645453,2203948.5834249775,2203948.5834249933,518576.13727647014
D,Asia,Waterfall,367.20236311645453,2203948.5834249775,2203948.5834249933,518576.13727647014
D,Australia,Area,367.20236311645453,2203948.5834249775,2203948.5834249933,518576.13727647014
D,Australia,Bubble/Scatter,367.20236311645453,2203948.5834249775,2203948.5834249933,518576.13727647014
D,Australia,Bullet,367.20236311645453,2203948.5834249775,2203948.5834249933,518576.13727647014
D,Australia,Column,367.20236311645453,2203948.5834249775,2203948.5834249933,518576.13727647014
D,Australia,Combo,367.20236311645453,2203948.5834249775,2203948.5834249933,518576.13727647014
D,Australia,Distribution,367.20236311645453,2203948.5834249775,2203948.5834249933,518576.13727647014
D,Australia,Flow,367.20236311645453,2203948.5834249775,2203948.5834249933,518576.13727647014
D,Australia,Funnel,367.20236311645453,2203948.5834249775,2203948.5834249933,518576.13727647014
D,Australia,Gauge,367.20236311645453,2203948.5834249775,2203948.5834249933,518576.13727647014
D,Australia,Hierarchy,367.20236311645453,2203948.5834249775,2203948.5834249933,518576.13727647014
D,Australia,Line,367.20236311645453,2203948.5834249775,2203948.5834249933,518576.13727647014
D,Australia,Marimekko,367.20236311645453,2203948.5834249775,2203948.5834249933,518576.13727647014
D,Australia,New,367.20236311645453,2203948.5834249775,2203948.5834249933,518576.13727647014
D,Australia,Pie/Donut,367.20236311645453,2203948.5834249775,2203948.5834249933,518576.13727647014
D,Australia,Radar/Polar,367.20236311645453,2203948.5834249775,2203948.5834249933,518576.13727647014
D,Australia,Special Charts,367.20236311645453,2203948.5834249775,2203948.5834249933,518576.13727647014
D,Australia,Waterfall,367.20236311645453,2203948.5834249775,2203948.5834249933,518576.13727647014
D,Europe,Area,367.20236311645453,2203948.5834249775,2203948.5834249933,518576.13727647014
D,Europe,Bubble/Scatter,367.20236311645453,2203948.5834249775,2203948.5834249933,518576.13727647014
D,Europe,Bullet,367.20236311645453,2203948.5834249775,2203948.5834249933,518576.13727647014
D,Europe,Column,367.20236311645453,2203948.5834249775,2203948.5834249933,518576.13727647014
D,Europe,Combo,367.20236311645453,2203948.5834249775,2203948.5834249933,518576.13727647014
D,Europe,Distribution,367.20236311645453,2203948.5834249775,2203948.5834249933,518576.13727647014
D,Europe,Flow,367.20236311645453,2203948.5834249775,2203948.5834249933,518576.13727647014
D,Europe,Funnel,367.20236311645453,2203948.5834249775,2203948.5834249933,518576.13727647014
D,Europe,Gauge,367.20236311645453,2203948.5834249775,2203948.5834249933,518576.13727647014
D,Europe,Hierarchy,367.20236311645453,2203948.5834249775,2203948.5834249933,518576.13727647014
D,Europe,Line,367.20236311645453,2203948.5834249775,2203948.5834249933,518576.13727647014
D,Europe,Marimekko,367.20236311645453,2203948.5834249775,2203948.5834249933,518576.13727647014
D,Europe,New,367.20236311645453,2203948.5834249775,2203948.5834249933,518576.13727647014
D,Europe,Pie/Donut,367.20236311645453,2203948.5834249775,2203948.5834249933,518576.13727647014
D,Europe,Radar/Polar,367.20236311645453,2203948.5834249775,2203948.5834249933,518576.13727647014
D,Europe,Special Charts,367.20236311645453,2203948.5834249775,2203948.5834249933,518576.13727647014
D,Europe,Waterfall,367.20236311645453,2203948.5834249775,2203948.5834249933,518576.13727647014
D,North America,Area,367.20236311645453,2203948.5834249775,2203948.5834249933,518576.13727647014
D,North America,Bubble/Scatter,367.20236311645453,2203948.5834249775,2203948.5834249933,518576.13727647014
D,North America,Bullet,367.20236311645453,2203948.5834249775,2203948.5834249933,518576.13727647014
D,North America,Column,367.20236311645453,2203948.5834249775,2203948.5834249933,518576.13727647014
D,North America,Combo,367.20236311645453,2203948.5834249775,2203948.5834249933,518576.13727647014
D,North America,Distribution,367.20236311645453,2203948.5834249775,2203948.5834249933,518576.13727647014
D,North America,Flow,367.20236311645453,2203948.5834249775,2203948.5834249933,518576.13727647014
D,North America,Funnel,367.20236311645453,2203948.5834249775,2203948.5834249933,518576.13727647014
D,North America,Gauge,367.20236311645453,2203948.5834249775,2203948.5834249933,518576.13727647014
D,North America,Hierarchy,367.20236311645453,2203948.5834249775,2203948.5834249933,518576.13727647014
D,North America,Line,367.20236311645453,2203948.5834249775,2203948.5834249933,518576.13727647014
D,North America,Marimekko,367.20236311645453,2203948.5834249775,2203948.5834249933,518576.13727647014
D,North America,New,367.20236311645453,2203948.5834249775,2203948.5834249933,518576.13727647014
D,North America,Pie/Donut,367.20236311645453,2203948.5834249775,2203948.5834249933,518576.13727647014
D,North America,Radar/Polar,367.20236311645453,2203948.5834249775,2203948.5834249933,518576.13727647014
D,North America,Special Charts,367.20236311645453,2203948.5834249775,2203948.5834249933,518576.13727647014
D,North America,Waterfall,367.20236311645453,2203948.5834249775,2203948.5834249933,518576.13727647014
D,South America,Area,367.20236311645453,2203948.5834249775,2203948.5834249933,518576.13727647014
D,South America,Bubble/Scatter,367.20236311645453,2203948.5834249775,2203948.5834249933,518576.13727647014
D,South America,Bullet,367.20236311645453,2203948.5834249775,2203948.5834249933,518576.13727647014
D,South America,Column,367.20236311645453,2203948.5834249775,2203948.5834249933,518576.13727647014
D,South America,Combo,367.20236311645453,2203948.5834249775,2203948.5834249933,518576.13727647014
D,South America,Distribution,367.20236311645453,2203948.5834249775,2203948.5834249933,518576.13727647014
D,South America,Flow,367.20236311645453,2203948.5834249775,2203948.5834249933,518576.13727647014
D,South America,Funnel,367.20236311645453,2203948.5834249775,2203948.5834249933,518576.13727647014
D,South America,Gauge,367.20236311645453,2203948.5834249775,2203948.5834249933,518576.13727647014
D,South America,Hierarchy,367.20236311645453,2203948.5834249775,2203948.5834249933,518576.13727647014
D,South America,Line,367.20236311645453,2203948.5834249775,2203948.5834249933,518576.13727647014
D,South America,Marimekko,367.20236311645453,2203948.5834249775,2203948.5834249933,518576.13727647014
D,South America,New,367.20236311645453,2203948.5834249775,2203948.5834249933,518576.13727647014
D,South America,Pie/Donut,367.20236311645453,2203948.5834249775,2203948.5834249933,518576.13727647014
D,South America,Radar/Polar,367.20236311645453,2203948.5834249775,2203948.5834249933,518576.13727647014
D,South America,Special Charts,367.20236311645453,2203948.5834249775,2203948.5834249933,518576.13727647014
D,South America,Waterfall,367.20236311645453,2203948.5834249775,2203948.5834249933,518576.13727647014
E,Africa,Area,367.20236311645453,2203948.5834249775,2203948.5834249933,518576.13727647014
E,Africa,Bubble/Scatter,367.20236311645453,2203948.5834249775,2203948.5834249933,518576.13727647014
E,Africa,Bullet,367.20236311645453,2203948.5834249775,2203948.5834249933,518576.13727647014
E,Africa,Column,367.20236311645453,2203948.5834249775,2203948.5834249933,518576.13727647014
E,Africa,Combo,367.20236311645453,2203948.5834249775,2203948.5834249933,518576.13727647014
E,Africa,Distribution,367.20236311645453,2203948.5834249775,2203948.5834249933,518576.13727647014
E,Africa,Flow,367.20236311645453,2203948.5834249775,2203948.5834249933,518576.13727647014
E,Africa,Funnel,367.20236311645453,2203948.5834249775,2203948.5834249933,518576.13727647014
E,Africa,Gauge,367.20236311645453,2203948.5834249775,2203948.5834249933,518576.13727647014
E,Africa,Hierarchy,367.20236311645453,2203948.5834249775,2203948.5834249933,518576.13727647014
E,Africa,Line,367.20236311645453,2203948.5834249775,2203948.5834249933,518576.13727647014
E,Africa,Marimekko,367.20236311645453,2203948.5834249775,2203948.5834249933,518576.13727647014
E,Africa,New,367.20236311645453,2203948.5834249775,2203948.5834249933,518576.13727647014
E,Africa,Pie/Donut,367.20236311645453,2203948.5834249775,2203948.5834249933,518576.13727647014
E,Africa,Radar/Polar,367.20236311645453,2203948.5834249775,2203948.5834249933,518576.13727647014
E,Africa,Special Charts,367.20236311645453,2203948.5834249775,2203948.5834249933,518576.13727647014
E,Africa,Waterfall,367.20236311645453,2203948.5834249775,2203948.5834249933,518576.13727647014
E,Asia,Area,367.20236311645453,2203948.5834249775,2203948.5834249933,518576.13727647014
E,Asia,Bubble/Scatter,367.20236311645453,2203948.5834249775,2203948.5834249933,518576.13727647014
E,Asia,Bullet,367.20236311645453,2203948.5834249775,2203948.5834249933,518576.13727647014
E,Asia,Column,367.20236311645453,2203948.5834249775,2203948.5834249933,518576.13727647014
E,Asia,Combo,367.20236311645453,2203948.5834249775,2203948.5834249933,518576.13727647014
E,Asia,Distribution,367.20236311645453,2203948.5834249775,2203948.5834249933,518576.13727647014
E,Asia,Flow,367.20236311645453,2203948.5834249775,2203948.5834249933,518576.13727647014
E,Asia,Funnel,367.20236311645453,2203948.5834249775,2203948.5834249933,518576.13727647014
E,Asia,Gauge,367.20236311645453,2203948.5834249775,2203948.5834249933,518576.13727647014
E,Asia,Hierarchy,367.20236311645453,2203948.5834249775,2203948.5834249933,518576.13727647014
E,Asia,Line,367.20236311645453,2203948.5834249775,2203948.5834249933,518576.13727647014
E,Asia,Marimekko,367.20236311645453,2203948.5834249775,2203948.5834249933,518576.13727647014
E,Asia,New,367.20236311645453,2203948.5834249775,2203948.5834249933,518576.13727647014
E,Asia,Pie/Donut,367.20236311645453,2203948.5834249775,2203948.5834249933,518576.13727647014
E,Asia,Radar/Polar,367.20236311645453,2203948.5834249775,2203948.5834249933,518576.13727647014
E,Asia,Special Charts,367.20236311645453,2203948.5834249775,2203948.5834249933,518576.13727647014
E,Asia,Waterfall,367.20236311645453,2203948.5834249775,2203948.5834249933,518576.13727647014
E,Australia,Area,367.20236311645453,2203948.5834249775,2203948.5834249933,518576.13727647014
E,Australia,Bubble/Scatter,367.20236311645453,2203948.5834249775,2203948.5834249933,518576.13727647014
E,Australia,Bullet,367.20236311645453,2203948.5834249775,2203948.5834249933,518576.13727647014
E,Australia,Column,367.20236311645453,2203948.5834249775,2203948.5834249933,518576.13727647014
E,Australia,Combo,367.20236311645453,2203948.5834249775,2203948.5834249933,518576.13727647014
E,Australia,Distribution,367.20236311645453,2203948.5834249775,2203948.5834249933,518576.13727647014
E,Australia,Flow,367.20236311645453,2203948.5834249775,2203948.5834249933,518576.13727647014
E,Australia,Funnel,367.20236311645453,2203948.5834249775,2203948.5834249933,518576.13727647014
E,Australia,Gauge,367.20236311645453,2203948.5834249775,2203948.5834249933,518576.13727647014
E,Australia,Hierarchy,367.20236311645453,2203948.5834249775,2203948.5834249933,518576.13727647014
E,Australia,Line,367.20236311645453,2203948.5834249775,2203948.5834249933,518576.13727647014
E,Australia,Marimekko,367.20236311645453,2203948.5834249775,2203948.5834249933,518576.13727647014
E,Australia,New,367.20236311645453,2203948.5834249775,2203948.5834249933,518576.13727647014
E,Australia,Pie/Donut,367.20236311645453,2203948.5834249775,2203948.5834249933,518576.13727647014
E,Australia,Radar/Polar,367.20236311645453,2203948.5834249775,2203948.5834249933,518576.13727647014
E,Australia,Special Charts,367.20236311645453,2203948.5834249775,2203948.5834249933,518576.13727647014
E,Australia,Waterfall,367.20236311645453,2203948.5834249775,2203948.5834249933,518576.13727647014
E,Europe,Area,367.20236311645453,2203948.5834249775,2203948.5834249933,518576.13727647014
E,Europe,Bubble/Scatter,367.20236311645453,2203948.5834249775,2203948.5834249933,518576.13727647014
E,Europe,Bullet,367.20236311645453,2203948.5834249775,2203948.5834249933,518576.13727647014
E,Europe,Column,367.20236311645453,2203948.5834249775,2203948.5834249933,518576.13727647014
E,Europe,Combo,367.20236311645453,2203948.5834249775,2203948.5834249933,518576.13727647014
E,Europe,Distribution,367.20236311645453,2203948.5834249775,2203948.5834249933,518576.13727647014
E,Europe,Flow,367.20236311645453,2203948.5834249775,2203948.5834249933,518576.13727647014
E,Europe,Funnel,367.20236311645453,2203948.5834249775,2203948.5834249933,518576.13727647014
E,Europe,Gauge,367.20236311645453,2203948.5834249775,2203948.5834249933,518576.13727647014
E,Europe,Hierarchy,367.20236311645453,2203948.5834249775,2203948.5834249933,518576.13727647014
E,Europe,Line,367.20236311645453,2203948.5834249775,2203948.5834249933,518576.13727647014
E,Europe,Marimekko,367.20236311645453,2203948.5834249775,2203948.5834249933,518576.13727647014
E,Europe,New,367.20236311645453,2203948.5834249775,2203948.5834249933,518576.13727647014
E,Europe,Pie/Donut,367.20236311645453,2203948.5834249775,2203948.5834249933,518576.13727647014
E,Europe,Radar/Polar,367.20236311645453,2203948.5834249775,2203948.5834249933,518576.13727647014
E,Europe,Special Charts,367.20236311645453,2203948.5834249775,2203948.5834249933,518576.13727647014
E,Europe,Waterfall,367.20236311645453,2203948.5834249775,2203948.5834249933,518576.13727647014
E,North America,Area,367.20236311645453,2203948.5834249775,2203948.5834249933,518576.13727647014
E,North America,Bubble/Scatter,367.20236311645453,2203948.5834249775,2203948.5834249933,518576.13727647014
E,North America,Bullet,367.20236311645453,2203948.5834249775,2203948.5834249933,518576.13727647014
E,North America,Column,367.20236311645453,2203948.5834249775,2203948.5834249933,518576.13727647014
E,North America,Combo,367.20236311645453,2203948.5834249775,2203948.5834249933,518576.13727647014
E,North America,Distribution,367.20236311645453,2203948.5834249775,2203948.5834249933,518576.13727647014
E,North America,Flow,367.20236311645453,2203948.5834249775,2203948.5834249933,518576.13727647014
E,North America,Funnel,367.20236311645453,2203948.5834249775,2203948.5834249933,518576.13727647014
E,North America,Gauge,367.20236311645453,2203948.5834249775,2203948.5834249933,518576.13727647014
E,North America,Hierarchy,367.20236311645453,2203948.5834249775,2203948.5834249933,518576.13727647014
E,North America,Line,367.20236311645453,2203948.5834249775,2203948.5834249933,518576.13727647014
E,North America,Marimekko,367.20236311645453,2203948.5834249775,2203948.5834249933,518576.13727647014
E,North America,New,367.20236311645453,2203948.5834249775,2203948.5834249933,518576.13727647014
E,North America,Pie/Donut,367.20236311645453,2203948.5834249775,2203948.5834249933,518576.13727647014
E,North America,Radar/Polar,367.20236311645453,2203948.5834249775,2203948.5834249933,518576.13727647014
E,North America,Special Charts,367.20236311645453,2203948.5834249775,2203948.5834249933,518576.13727647014
E,North America,Waterfall,367.20236311645453,2203948.5834249775,2203948.5834249933,518576.13727647014
E,South America,Area,367.20236311645453,2203948.5834249775,2203948.5834249933,518576.13727647014
E,South America,Bubble/Scatter,367.20236311645453,2203948.5834249775,2203948.5834249933,518576.13727647014
E,South America,Bullet,367.20236311645453,2203948.5834249775,2203948.5834249933,518576.13727647014
E,South America,Column,367.20236311645453,2203948.5834249775,2203948.5834249933,518576.13727647014
E,South America,Combo,367.20236311645453,2203948.5834249775,2203948.5834249933,518576.13727647014
E,South America,Distribution,367.20236311645453,2203948.5834249775,2203948.5834249933,518576.13727647014
E,South America,Flow,367.20236311645453,2203948.5834249775,2203948.5834249933,518576.13727647014
E,South America,Funnel,367.20236311645453,2203948.5834249775,2203948.5834249933,518576.13727647014
E,South America,Gauge,367.20236311645453,2203948.5834249775,2203948.5834249933,518576.13727647014
E,South America,Hierarchy,367.20236311645453,2203948.5834249775,2203948.5834249933,518576.13727647014
E,South America,Line,367.20236311645453,2203948.5834249775,2203948.5834249933,518576.13727647014
E,South America,Marimekko,367.20236311645453,2203948.5834249775,2203948.5834249933,518576.13727647014
E,South America,New,367.20236311645453,2203948.5834249775,2203948.5834249933,518576.13727647014
E,South America,Pie/Donut,367.20236311645453,2203948.5834249775,2203948.5834249933,518576.13727647014
E,South America,Radar/Polar,367.20236311645453,2203948.5834249775,2203948.5834249933,518576.13727647014
E,South America,Special Charts,367.20236311645453,2203948.5834249775,2203948.5834249933,518576.13727647014
E,South America,Waterfall,367.20236311645453,2203948.5834249775,2203948.5834249933,518576.13727647014
F,Africa,Area,367.20236311645453,2203948.5834249775,2203948.5834249933,518576.13727647014
F,Africa,Bubble/Scatter,367.20236311645453,2203948.5834249775,2203948.5834249933,518576.13727647014
F,Africa,Bullet,367.20236311645453,2203948.5834249775,2203948.5834249933,518576.13727647014
F,Africa,Column,367.20236311645453,2203948.5834249775,2203948.5834249933,518576.13727647014
F,Africa,Combo,367.20236311645453,2203948.5834249775,2203948.5834249933,518576.13727647014
F,Africa,Distribution,367.20236311645453,2203948.5834249775,2203948.5834249933,518576.13727647014
F,Africa,Flow,367.20236311645453,2203948.5834249775,2203948.5834249933,518576.13727647014
F,Africa,Funnel,367.20236311645453,2203948.5834249775,2203948.5834249933,518576.13727647014
F,Africa,Gauge,367.20236311645453,2203948.5834249775,2203948.5834249933,518576.13727647014
F,Africa,Hierarchy,367.20236311645453,2203948.5834249775,2203948.5834249933,518576.13727647014
F,Africa,Line,367.20236311645453,2203948.5834249775,2203948.5834249933,518576.13727647014
F,Africa,Marimekko,367.20236311645453,2203948.5834249775,2203948.5834249933,518576.13727647014
F,Africa,New,367.20236311645453,2203948.5834249775,2203948.5834249933,518576.13727647014
F,Africa,Pie/Donut,367.20236311645453,2203948.5834249775,2203948.5834249933,518576.13727647014
F,Africa,Radar/Polar,367.20236311645453,2203948.5834249775,2203948.5834249933,518576.13727647014
F,Africa,Special Charts,367.20236311645453,2203948.5834249775,2203948.5834249933,518576.13727647014
F,Africa,Waterfall,367.20236311645453,2203948.5834249775,2203948.5834249933,518576.13727647014
F,Asia,Area,367.20236311645453,2203948.5834249775,2203948.5834249933,518576.13727647014
F,Asia,Bubble/Scatter,367.20236311645453,2203948.5834249775,2203948.5834249933,518576.13727647014
F,Asia,Bullet,367.20236311645453,2203948.5834249775,2203948.5834249933,518576.13727647014
F,Asia,Column,367.20236311645453,2203948.5834249775,2203948.5834249933,518576.13727647014
F,Asia,Combo,367.20236311645453,2203948.5834249775,2203948.5834249933,518576.13727647014
F,Asia,Distribution,367.20236311645453,2203948.5834249775,2203948.5834249933,518576.13727647014
F,Asia,Flow,367.20236311645453,2203948.5834249775,2203948.5834249933,518576.13727647014
F,Asia,Funnel,367.20236311645453,2203948.5834249775,2203948.5834249933,518576.13727647014
F,Asia,Gauge,367.20236311645453,2203948.5834249775,2203948.5834249933,518576.13727647014
F,Asia,Hierarchy,367.20236311645453,2203948.5834249775,2203948.5834249933,518576.13727647014
F,Asia,Line,367.20236311645453,2203948.5834249775,2203948.5834249933,518576.13727647014
F,Asia,Marimekko,367.20236311645453,2203948.5834249775,2203948.5834249933,518576.13727647014
F,Asia,New,367.20236311645453,2203948.5834249775,2203948.5834249933,518576.13727647014
F,Asia,Pie/Donut,367.20236311645453,2203948.5834249775,2203948.5834249933,518576.13727647014
F,Asia,Radar/Polar,367.20236311645453,2203948.5834249775,2203948.5834249933,518576.13727647014
F,Asia,Special Charts,367.20236311645453,2203948.5834249775,2203948.5834249933,518576.13727647014
F,Asia,Waterfall,367.20236311645453,2203948.5834249775,2203948.5834249933,518576.13727647014
F,Australia,Area,367.20236311645453,2203948.5834249775,2203948.5834249933,518576.13727647014
F,Australia,Bubble/Scatter,367.20236311645453,2203948.5834249775,2203948.5834249933,518576.13727647014
F,Australia,Bullet,367.20236311645453,2203948.5834249775,2203948.5834249933,518576.13727647014
F,Australia,Column,367.20236311645453,2203948.5834249775,2203948.5834249933,518576.13727647014
F,Australia,Combo,367.20236311645453,2203948.5834249775,2203948.5834249933,518576.13727647014
F,Australia,Distribution,367.20236311645453,2203948.5834249775,2203948.5834249933,518576.13727647014
F,Australia,Flow,367.20236311645453,2203948.5834249775,2203948.5834249933,518576.13727647014
F,Australia,Funnel,367.20236311645453,2203948.5834249775,2203948.5834249933,518576.13727647014
F,Australia,Gauge,367.20236311645453,2203948.5834249775,2203948.5834249933,518576.13727647014
F,Australia,Hierarchy,367.20236311645453,2203948.5834249775,2203948.5834249933,518576.13727647014
F,Australia,Line,367.20236311645453,2203948.5834249775,2203948.5834249933,518576.13727647014
F,Australia,Marimekko,367.20236311645453,2203948.5834249775,2203948.5834249933,518576.13727647014
F,Australia,New,367.20236311645453,2203948.5834249775,2203948.5834249933,518576.13727647014
F,Australia,Pie/Donut,367.20236311645453,2203948.5834249775,2203948.5834249933,518576.13727647014
F,Australia,Radar/Polar,367.20236311645453,2203948.5834249775,2203948.5834249933,518576.13727647014
F,Australia,Special Charts,367.20236311645453,2203948.5834249775,2203948.5834249933,518576.13727647014
F,Australia,Waterfall,367.20236311645453,2203948.5834249775,2203948.5834249933,518576.13727647014
F,Europe,Area,367.20236311645453,2203948.5834249775,2203948.5834249933,518576.13727647014
F,Europe,Bubble/Scatter,367.20236311645453,2203948.5834249775,2203948.5834249933,518576.13727647014
F,Europe,Bullet,367.20236311645453,2203948.5834249775,2203948.5834249933,518576.13727647014
F,Europe,Column,367.20236311645453,2203948.5834249775,2203948.5834249933,518576.13727647014
F,Europe,Combo,367.20236311645453,2203948.5834249775,2203948.5834249933,518576.13727647014
F,Europe,Distribution,367.20236311645453,2203948.5834249775,2203948.5834249933,518576.13727647014
F,Europe,Flow,367.20236311645453,2203948.5834249775,2203948.5834249933,518576.13727647014
F,Europe,Funnel,367.20236311645453,2203948.5834249775,2203948.5834249933,518576.13727647014
F,Europe,Gauge,367.20236311645453,2203948.5834249775,2203948.5834249933,518576.13727647014
F,Europe,Hierarchy,367.20236311645453,2203948.5834249775,2203948.5834249933,518576.13727647014
F,Europe,Line,367.20236311645453,2203948.5834249775,2203948.5834249933,518576.13727647014
F,Europe,Marimekko,367.20236311645453,2203948.5834249775,2203948.5834249933,518576.13727647014
F,Europe,New,367.20236311645453,2203948.5834249775,2203948.5834249933,518576.13727647014
F,Europe,Pie/Donut,367.20236311645453,2203948.5834249775,2203948.5834249933,518576.13727647014
F,Europe,Radar/Polar,367.20236311645453,2203948.5834249775,2203948.5834249933,518576.13727647014
F,Europe,Special Charts,367.20236311645453,2203948.5834249775,2203948.5834249933,518576.13727647014
F,Europe,Waterfall,367.20236311645453,2203948.5834249775,2203948.5834249933,518576.13727647014
F,North America,Area,367.20236311645453,2203948.5834249775,2203948.5834249933,518576.13727647014
F,North America,Bubble/Scatter,367.20236311645453,2203948.5834249775,2203948.5834249933,518576.13727647014
F,North America,Bullet,367.20236311645453,2203948.5834249775,2203948.5834249933,518576.13727647014
F,North America,Column,367.20236311645453,2203948.5834249775,2203948.5834249933,518576.13727647014
F,North America,Combo,367.20236311645453,2203948.5834249775,2203948.5834249933,518576.13727647014
F,North America,Distribution,367.20236311645453,2203948.5834249775,2203948.5834249933,518576.13727647014
F,North America,Flow,367.20236311645453,2203948.5834249775,2203948.5834249933,518576.13727647014
F,North America,Funnel,367.20236311645453,2203948.5834249775,2203948.5834249933,518576.13727647014
F,North America,Gauge,367.20236311645453,2203948.5834249775,2203948.5834249933,518576.13727647014
F,North America,Hierarchy,367.20236311645453,2203948.5834249775,2203948.5834249933,518576.13727647014
F,North America,Line,367.20236311645453,2203948.5834249775,2203948.5834249933,518576.13727647014
F,North America,Marimekko,367.20236311645453,2203948.5834249775,2203948.5834249933,518576.13727647014
F,North America,New,367.20236311645453,2203948.5834249775,2203948.5834249933,518576.13727647014
F,North America,Pie/Donut,367.20236311645453,2203948.5834249775,2203948.5834249933,518576.13727647014
F,North America,Radar/Polar,367.20236311645453,2203948.5834249775,2203948.5834249933,518576.13727647014
F,North America,Special Charts,367.20236311645453,2203948.5834249775,2203948.5834249933,518576.13727647014
F,North America,Waterfall,367.20236311645453,2203948.5834249775,2203948.5834249933,518576.13727647014
F,South America,Area,367.20236311645453,2203948.5834249775,2203948.5834249933,518576.13727647014
F,South America,Bubble/Scatter,367.20236311645453,2203948.5834249775,2203948.5834249933,518576.13727647014
F,South America,Bullet,367.20236311645453,2203948.5834249775,2203948.5834249933,518576.13727647014
F,South America,Column,367.20236311645453,2203948.5834249775,2203948.5834249933,518576.13727647014
F,South America,Combo,367.20236311645453,2203948.5834249775,2203948.5834249933,518576.13727647014
F,South America,Distribution,367.20236311645453,2203948.5834249775,2203948.5834249933,518576.13727647014
F,South America,Flow,367.20236311645453,2203948.5834249775,2203948.5834249933,518576.13727647014
F,South America,Funnel,367.20236311645453,2203948.5834249775,2203948.5834249933,518576.13727647014
F,South America,Gauge,367.20236311645453,2203948.5834249775,2203948.5834249933,518576.13727647014
F,South America,Hierarchy,367.20236311645453,2203948.5834249775,2203948.5834249933,518576.13727647014
F,South America,Line,367.20236311645453,2203948.5834249775,2203948.5834249933,518576.13727647014
F,South America,Marimekko,367.20236311645453,2203948.5834249775,2203948.5834249933,518576.13727647014
F,South America,New,367.20236311645453,2203948.5834249775,2203948.5834249933,518576.13727647014
F,South America,Pie/Donut,367.20236311645453,2203948.5834249775,2203948.5834249933,518576.13727647014
F,South America,Radar/Polar,367.20236311645453,2203948.5834249775,2203948.5834249933,518576.13727647014
F,South America,Special Charts,367.20236311645453,2203948.5834249775,2203948.5834249933,518576.13727647014
F,South America,Waterfall,367.20236311645453,2203948.5834249775,2203948.5834249933,518576.13727647014
G,Africa,Area,367.20236311645453,2203948.5834249775,2203948.5834249933,518576.13727647014
G,Africa,Bubble/Scatter,367.20236311645453,2203948.5834249775,2203948.5834249933,518576.13727647014
G,Africa,Bullet,367.20236311645453,2203948.5834249775,2203948.5834249933,518576.13727647014
G,Africa,Column,367.20236311645453,2203948.5834249775,2203948.5834249933,518576.13727647014
G,Africa,Combo,367.20236311645453,2203948.5834249775,2203948.5834249933,518576.13727647014
G,Africa,Distribution,367.20236311645453,2203948.5834249775,2203948.5834249933,518576.13727647014
G,Africa,Flow,367.20236311645453,2203948.5834249775,2203948.5834249933,518576.13727647014
G,Africa,Funnel,367.20236311645453,2203948.5834249775,2203948.5834249933,518576.13727647014
G,Africa,Gauge,367.20236311645453,2203948.5834249775,2203948.5834249933,518576.13727647014
G,Africa,Hierarchy,367.20236311645453,2203948.5834249775,2203948.5834249933,518576.13727647014
G,Africa,Line,367.20236311645453,2203948.5834249775,2203948.5834249933,518576.13727647014
G,Africa,Marimekko,367.20236311645453,2203948.5834249775,2203948.5834249933,518576.13727647014
G,Africa,New,367.20236311645453,2203948.5834249775,2203948.5834249933,518576.13727647014
G,Africa,Pie/Donut,367.20236311645453,2203948.5834249775,2203948.5834249933,518576.13727647014
G,Africa,Radar/Polar,367.20236311645453,2203948.5834249775,2203948.5834249933,518576.13727647014
G,Africa,Special Charts,367.20236311645453,2203948.5834249775,2203948.5834249933,518576.13727647014
G,Africa,Waterfall,367.20236311645453,2203948.5834249775,2203948.5834249933,518576.13727647014
G,Asia,Area,367.20236311645453,2203948.5834249775,2203948.5834249933,518576.13727647014
G,Asia,Bubble/Scatter,367.20236311645453,2203948.5834249775,2203948.5834249933,518576.13727647014
G,Asia,Bullet,367.20236311645453,2203948.5834249775,2203948.5834249933,518576.13727647014
G,Asia,Column,367.20236311645453,2203948.5834249775,2203948.5834249933,518576.13727647014
G,Asia,Combo,367.20236311645453,2203948.5834249775,2203948.5834249933,518576.13727647014
G,Asia,Distribution,367.20236311645453,2203948.5834249775,2203948.5834249933,518576.13727647014
G,Asia,Flow,367.20236311645453,2203948.5834249775,2203948.5834249933,518576.13727647014
G,Asia,Funnel,367.20236311645453,2203948.5834249775,2203948.5834249933,518576.13727647014
G,Asia,Gauge,367.20236311645453,2203948.5834249775,2203948.5834249933,518576.13727647014
G,Asia,Hierarchy,367.20236311645453,2203948.5834249775,2203948.5834249933,518576.13727647014
G,Asia,Line,367.20236311645453,2203948.5834249775,2203948.5834249933,518576.13727647014
G,Asia,Marimekko,367.20236311645453,2203948.5834249775,2203948.5834249933,518576.13727647014
G,Asia,New,367.20236311645453,2203948.5834249775,2203948.5834249933,518576.13727647014
G,Asia,Pie/Donut,367.20236311645453,2203948.5834249775,2203948.5834249933,518576.13727647014
G,Asia,Radar/Polar,367.20236311645453,2203948.5834249775,2203948.5834249933,518576.13727647014
G,Asia,Special Charts,367.20236311645453,2203948.5834249775,2203948.5834249933,518576.13727647014
G,Asia,Waterfall,367.20236311645453,2203948.5834249775,2203948.5834249933,518576.13727647014
G,Australia,Area,367.20236311645453,2203948.5834249775,2203948.5834249933,518576.13727647014
G,Australia,Bubble/Scatter,367.20236311645453,2203948.5834249775,2203948.5834249933,518576.13727647014
G,Australia,Bullet,367.20236311645453,2203948.5834249775,2203948.5834249933,518576.13727647014
G,Australia,Column,367.20236311645453,2203948.5834249775,2203948.5834249933,518576.13727647014
G,Australia,Combo,367.20236311645453,2203948.5834249775,2203948.5834249933,518576.13727647014
G,Australia,Distribution,367.20236311645453,2203948.5834249775,2203948.5834249933,518576.13727647014
G,Australia,Flow,367.20236311645453,2203948.5834249775,2203948.5834249933,518576.13727647014
G,Australia,Funnel,367.20236311645453,2203948.5834249775,2203948.5834249933,518576.13727647014
G,Australia,Gauge,367.20236311645453,2203948.5834249775,2203948.5834249933,518576.13727647014
G,Australia,Hierarchy,367.20236311645453,2203948.5834249775,2203948.5834249933,518576.13727647014
G,Australia,Line,367.20236311645453,2203948.5834249775,2203948.5834249933,518576.13727647014
G,Australia,Marimekko,367.20236311645453,2203948.5834249775,2203948.5834249933,518576.13727647014
G,Australia,New,367.20236311645453,2203948.5834249775,2203948.5834249933,518576.13727647014
G,Australia,Pie/Donut,367.20236311645453,2203948.5834249775,2203948.5834249933,518576.13727647014
G,Australia,Radar/Polar,367.20236311645453,2203948.5834249775,2203948.5834249933,518576.13727647014
G,Australia,Special Charts,367.20236311645453,2203948.5834249775,2203948.5834249933,518576.13727647014
G,Australia,Waterfall,367.20236311645453,2203948.5834249775,2203948.5834249933,518576.13727647014
G,Europe,Area,367.20236311645453,2203948.5834249775,2203948.5834249933,518576.13727647014
G,Europe,Bubble/Scatter,367.20236311645453,2203948.5834249775,2203948.5834249933,518576.13727647014
G,Europe,Bullet,367.20236311645453,2203948.5834249775,2203948.5834249933,518576.13727647014
G,Europe,Column,367.20236311645453,2203948.5834249775,2203948.5834249933,518576.13727647014
G,Europe,Combo,367.20236311645453,2203948.5834249775,2203948.5834249933,518576.13727647014
G,Europe,Distribution,367.20236311645453,2203948.5834249775,2203948.5834249933,518576.13727647014
G,Europe,Flow,367.20236311645453,2203948.5834249775,2203948.5834249933,518576.13727647014
G,Europe,Funnel,367.20236311645453,2203948.5834249775,2203948.5834249933,518576.13727647014
G,Europe,Gauge,367.20236311645453,2203948.5834249775,2203948.5834249933,518576.13727647014
G,Europe,Hierarchy,367.20236311645453,2203948.5834249775,2203948.5834249933,518576.13727647014
G,Europe,Line,367.20236311645453,2203948.5834249775,2203948.5834249933,518576.13727647014
G,Europe,Marimekko,367.20236311645453,2203948.5834249775,2203948.5834249933,518576.13727647014
G,Europe,New,367.20236311645453,2203948.5834249775,2203948.5834249933,518576.13727647014
G,Europe,Pie/Donut,367.20236311645453,2203948.5834249775,2203948.5834249933,518576.13727647014
G,Europe,Radar/Polar,367.20236311645453,2203948.5834249775,2203948.5834249933,518576.13727647014
G,Europe,Special Charts,367.20236311645453,2203948.5834249775,2203948.5834249933,518576.13727647014
G,Europe,Waterfall,367.20236311645453,2203948.5834249775,2203948.5834249933,518576.13727647014
G,North America,Area,367.20236311645453,2203948.5834249775,2203948.5834249933,518576.13727647014
G,North America,Bubble/Scatter,367.20236311645453,2203948.5834249775,2203948.5834249933,518576.13727647014
G,North America,Bullet,367.20236311645453,2203948.5834249775,2203948.5834249933,518576.13727647014
G,North America,Column,367.20236311645453,2203948.5834249775,2203948.5834249933,518576.13727647014
G,North America,Combo,367.20236311645453,2203948.5834249775,2203948.5834249933,518576.13727647014
G,North America,Distribution,367.20236311645453,2203948.5834249775,2203948.5834249933,518576.13727647014
G,North America,Flow,367.20236311645453,2203948.5834249775,2203948.5834249933,518576.13727647014
G,North America,Funnel,367.20236311645453,2203948.5834249775,2203948.5834249933,518576.13727647014
G,North America,Gauge,367.20236311645453,2203948.5834249775,2203948.5834249933,518576.13727647014
G,North America,Hierarchy,367.20236311645453,2203948.5834249775,2203948.5834249933,518576.13727647014
G,North America,Line,367.20236311645453,2203948.5834249775,2203948.5834249933,518576.13727647014
G,North America,Marimekko,367.20236311645453,2203948.5834249775,2203948.5834249933,518576.13727647014
G,North America,New,367.20236311645453,2203948.5834249775,2203948.5834249933,518576.13727647014
G,North America,Pie/Donut,367.20236311645453,2203948.5834249775,2203948.5834249933,518576.13727647014
G,North America,Radar/Polar,367.20236311645453,2203948.5834249775,2203948.5834249933,518576.13727647014
G,North America,Special Charts,367.20236311645453,2203948.5834249775,2203948.5834249933,518576.13727647014
G,North America,Waterfall,367.20236311645453,2203948.5834249775,2203948.5834249933,518576.13727647014
G,South America,Area,367.20236311645453,2203948.5834249775,2203948.5834249933,518576.13727647014
G,South America,Bubble/Scatter,367.20236311645453,2203948.5834249775,2203948.5834249933,518576.13727647014
G,South America,Bullet,367.20236311645453,2203948.5834249775,2203948.5834249933,518576.13727647014
G,South America,Column,367.20236311645453,2203948.5834249775,2203948.5834249933,518576.13727647014
G,South America,Combo,367.20236311645453,2203948.5834249775,2203948.5834249933,518576.13727647014
G,South America,Distribution,367.20236311645453,2203948.5834249775,2203948.5834249933,518576.13727647014
G,South America,Flow,367.20236311645453,2203948.5834249775,2203948.5834249933,518576.13727647014
G,South America,Funnel,367.20236311645453,2203948.5834249775,2203948.5834249933,518576.13727647014
G,South America,Gauge,367.20236311645453,2203948.5834249775,2203948.5834249933,518576.13727647014
G,South America,Hierarchy,367.20236311645453,2203948.5834249775,2203948.5834249933,518576.13727647014
G,South America,Line,367.20236311645453,2203948.5834249775,2203948.5834249933,518576.13727647014
G,South America,Marimekko,367.20236311645453,2203948.5834249775,2203948.5834249933,518576.13727647014
G,South America,New,367.20236311645453,2203948.5834249775,2203948.5834249933,518576.13727647014
G,South America,Pie/Donut,367.20236311645453,2203948.5834249775,2203948.5834249933,518576.13727647014
G,South America,Radar/Polar,367.20236311645453,2203948.5834249775,2203948.5834249933,518576.13727647014
G,South America,Special Charts,367.20236311645453,2203948.5834249775,2203948.5834249933,518576.13727647014
G,South America,Waterfall,367.20236311645453,2203948.5834249775,2203948.5834249933,518576.13727647014
H,Africa,Area,367.20236311645453,2203948.5834249775,2203948.5834249933,518576.13727647014
H,Africa,Bubble/Scatter,367.20236311645453,2203948.5834249775,2203948.5834249933,518576.13727647014
H,Africa,Bullet,367.20236311645453,2203948.5834249775,2203948.5834249933,518576.13727647014
H,Africa,Column,367.20236311645453,2203948.5834249775,2203948.5834249933,518576.13727647014
H,Africa,Combo,367.20236311645453,2203948.5834249775,2203948.5834249933,518576.13727647014
H,Africa,Distribution,367.20236311645453,2203948.5834249775,2203948.5834249933,518576.13727647014
H,Africa,Flow,367.20236311645453,2203948.5834249775,2203948.5834249933,518576.13727647014
H,Africa,Funnel,367.20236311645453,2203948.5834249775,2203948.5834249933,518576.13727647014
H,Africa,Gauge,367.20236311645453,2203948.5834249775,2203948.5834249933,518576.13727647014
H,Africa,Hierarchy,367.20236311645453,2203948.5834249775,2203948.5834249933,518576.13727647014
H,Africa,Line,367.20236311645453,2203948.5834249775,2203948.5834249933,518576.13727647014
H,Africa,Marimekko,367.20236311645453,2203948.5834249775,2203948.5834249933,518576.13727647014
H,Africa,New,367.20236311645453,2203948.5834249775,2203948.5834249933,518576.13727647014
H,Africa,Pie/Donut,367.20236311645453,2203948.5834249775,2203948.5834249933,518576.13727647014
H,Africa,Radar/Polar,367.20236311645453,2203948.5834249775,2203948.5834249933,518576.13727647014
H,Africa,Special Charts,367.20236311645453,2203948.5834249775,2203948.5834249933,518576.13727647014
H,Africa,Waterfall,367.20236311645453,2203948.5834249775,2203948.5834249933,518576.13727647014
H,Asia,Area,367.20236311645453,2203948.5834249775,2203948.5834249933,518576.13727647014
H,Asia,Bubble/Scatter,367.20236311645453,2203948.5834249775,2203948.5834249933,518576.13727647014
H,Asia,Bullet,367.20236311645453,2203948.5834249775,2203948.5834249933,518576.13727647014
H,Asia,Column,367.20236311645453,2203948.5834249775,2203948.5834249933,518576.13727647014
H,Asia,Combo,367.20236311645453,2203948.5834249775,2203948.5834249933,518576.13727647014
H,Asia,Distribution,367.20236311645453,2203948.5834249775,2203948.5834249933,518576.13727647014
H,Asia,Flow,367.20236311645453,2203948.5834249775,2203948.5834249933,518576.13727647014
H,Asia,Funnel,367.20236311645453,2203948.5834249775,2203948.5834249933,518576.13727647014
H,Asia,Gauge,367.20236311645453,2203948.5834249775,2203948.5834249933,518576.13727647014
H,Asia,Hierarchy,367.20236311645453,2203948.5834249775,2203948.5834249933,518576.13727647014
H,Asia,Line,367.20236311645453,2203948.5834249775,2203948.5834249933,518576.13727647014
H,Asia,Marimekko,367.20236311645453,2203948.5834249775,2203948.5834249933,518576.13727647014
H,Asia,New,367.20236311645453,2203948.5834249775,2203948.5834249933,518576.13727647014
H,Asia,Pie/Donut,367.20236311645453,2203948.5834249775,2203948.5834249933,518576.13727647014
H,Asia,Radar/Polar,367.20236311645453,2203948.5834249775,2203948.5834249933,518576.13727647014
H,Asia,Special Charts,367.20236311645453,2203948.5834249775,2203948.5834249933,518576.13727647014
H,Asia,Waterfall,367.20236311645453,2203948.5834249775,2203948.5834249933,518576.13727647014
H,Australia,Area,367.20236311645453,2203948.5834249775,2203948.5834249933,518576.13727647014
H,Australia,Bubble/Scatter,367.20236311645453,2203948.5834249775,2203948.5834249933,518576.13727647014
H,Australia,Bullet,367.20236311645453,2203948.5834249775,2203948.5834249933,518576.13727647014
H,Australia,Column,367.20236311645453,2203948.5834249775,2203948.5834249933,518576.13727647014
H,Australia,Combo,367.20236311645453,2203948.5834249775,2203948.5834249933,518576.13727647014
H,Australia,Distribution,367.20236311645453,2203948.5834249775,2203948.5834249933,518576.13727647014
H,Australia,Flow,367.20236311645453,2203948.5834249775,2203948.5834249933,518576.13727647014
H,Australia,Funnel,367.20236311645453,2203948.5834249775,2203948.5834249933,518576.13727647014
H,Australia,Gauge,367.20236311645453,2203948.5834249775,2203948.5834249933,518576.13727647014
H,Australia,Hierarchy,367.20236311645453,2203948.5834249775,2203948.5834249933,518576.13727647014
H,Australia,Line,367.20236311645453,2203948.5834249775,2203948.5834249933,518576.13727647014
H,Australia,Marimekko,367.20236311645453,2203948.5834249775,2203948.5834249933,518576.13727647014
H,Australia,New,367.20236311645453,2203948.5834249775,2203948.5834249933,518576.13727647014
H,Australia,Pie/Donut,367.20236311645453,2203948.5834249775,2203948.5834249933,518576.13727647014
H,Australia,Radar/Polar,367.20236311645453,2203948.5834249775,2203948.5834249933,518576.13727647014
H,Australia,Special Charts,367.20236311645453,2203948.5834249775,2203948.5834249933,518576.13727647014
H,Australia,Waterfall,367.20236311645453,2203948.5834249775,2203948.5834249933,518576.13727647014
H,Europe,Area,367.20236311645453,2203948.5834249775,2203948.5834249933,518576.13727647014
H,Europe,Bubble/Scatter,367.20236311645453,2203948.5834249775,2203948.5834249933,518576.13727647014
H,Europe,Bullet,367.20236311645453,2203948.5834249775,2203948.5834249933,518576.13727647014
H,Europe,Column,367.20236311645453,2203948.5834249775,2203948.5834249933,518576.13727647014
H,Europe,Combo,367.20236311645453,2203948.5834249775,2203948.5834249933,518576.13727647014
H,Europe,Distribution,367.20236311645453,2203948.5834249775,2203948.5834249933,518576.13727647014
H,Europe,Flow,367.20236311645453,2203948.5834249775,2203948.5834249933,518576.13727647014
H,Europe,Funnel,367.20236311645453,2203948.5834249775,2203948.5834249933,518576.13727647014
H,Europe,Gauge,367.20236311645453,2203948.5834249775,2203948.5834249933,518576.13727647014
H,Europe,Hierarchy,367.20236311645453,2203948.5834249775,2203948.5834249933,518576.13727647014
H,Europe,Line,367.20236311645453,2203948.5834249775,2203948.5834249933,518576.13727647014
H,Europe,Marimekko,367.20236311645453,2203948.5834249775,2203948.5834249933,518576.13727647014
H,Europe,New,367.20236311645453,2203948.5834249775,2203948.5834249933,518576.13727647014
H,Europe,Pie/Donut,367.20236311645453,2203948.5834249775,2203948.5834249933,518576.13727647014
H,Europe,Radar/Polar,367.20236311645453,2203948.5834249775,2203948.5834249933,518576.13727647014
H,Europe,Special Charts,367.20236311645453,2203948.5834249775,2203948.5834249933,518576.13727647014
H,Europe,Waterfall,367.20236311645453,2203948.5834249775,2203948.5834249933,518576.13727647014
H,North America,Area,367.20236311645453,2203948.5834249775,2203948.5834249933,518576.13727647014
H,North America,Bubble/Scatter,367.20236311645453,2203948.5834249775,2203948.5834249933,518576.13727647014
H,North America,Bullet,367.20236311645453,2203948.5834249775,2203948.5834249933,518576.13727647014
H,North America,Column,367.20236311645453,2203948.5834249775,2203948.5834249933,518576.13727647014
H,North America,Combo,367.20236311645453,2203948.5834249775,2203948.5834249933,518576.13727647014
H,North America,Distribution,367.20236311645453,2203948.5834249775,2203948.5834249933,518576.13727647014
H,North America,Flow,367.20236311645453,2203948.5834249775,2203948.5834249933,518576.13727647014
H,North America,Funnel,367.20236311645453,2203948.5834249775,2203948.5834249933,518576.13727647014
H,North America,Gauge,367.20236311645453,2203948.5834249775,2203948.5834249933,518576.13727647014
H,North America,Hierarchy,367.20236311645453,2203948.5834249775,2203948.5834249933,518576.13727647014
H,North America,Line,367.20236311645453,2203948.5834249775,2203948.5834249933,518576.13727647014
H,North America,Marimekko,367.20236311645453,2203948.5834249775,2203948.5834249933,518576.13727647014
H,North America,New,367.20236311645453,2203948.5834249775,2203948.5834249933,518576.13727647014
H,North America,Pie/Donut,367.20236311645453,2203948.5834249775,2203948.5834249933,518576.13727647014
H,North America,Radar/Polar,367.20236311645453,2203948.5834249775,2203948.5834249933,518576.13727647014
H,North America,Special Charts,367.20236311645453,2203948.5834249775,2203948.5834249933,518576.13727647014
H,North America,Waterfall,367.20236311645453,2203948.5834249775,2203948.5834249933,518576.13727647014
H,South America,Area,367.20236311645453,2203948.5834249775,2203948.5834249933,518576.13727647014
H,South America,Bubble/Scatter,367.20236311645453,2203948.5834249775,2203948.5834249933,518576.13727647014
H,South America,Bullet,367.20236311645453,2203948.5834249775,2203948.5834249933,518576.13727647014
H,South America,Column,367.20236311645453,2203948.5834249775,2203948.5834249933,518576.13727647014
H,South America,Combo,367.20236311645453,2203948.5834249775,2203948.5834249933,518576.13727647014
H,South America,Distribution,367.20236311645453,2203948.5834249775,2203948.5834249933,518576.13727647014
H,South America,Flow,367.20236311645453,2203948.5834249775,2203948.5834249933,518576.13727647014
H,South America,Funnel,367.20236311645453,2203948.5834249775,2203948.5834249933,518576.13727647014
H,South America,Gauge,367.20236311645453,2203948.5834249775,2203948.5834249933,518576.13727647014
H,South America,Hierarchy,367.20236311645453,2203948.5834249775,2203948.5834249933,518576.13727647014
H,South America,Line,367.20236311645453,2203948.5834249775,2203948.5834249933,518576.13727647014
H,South America,Marimekko,367.20236311645453,2203948.5834249775,2203948.5834249933,518576.13727647014
H,South America,New,367.20236311645453,2203948.5834249775,2203948.5834249933,518576.13727647014
H,South America,Pie/Donut,367.20236311645453,2203948.5834249775,2203948.5834249933,518576.13727647014
H,South America,Radar/Polar,367.20236311645453,2203948.5834249775,2203948.5834249933,518576.13727647014
H,South America,Special Charts,367.20236311645453,2203948.5834249775,2203948.5834249933,518576.13727647014
H,South America,Waterfall,367.20236311645453,2203948.5834249775,2203948.5834249933,518576.13727647014